,sentiment,totalScores,positive,negative
2017-06-20 00:00:00,0.047142857142857146,7,0.71,0.29
2017-06-21 00:00:00,-0.05809526315789474,190,0.73,0.27
2017-06-22 00:00:00,0.09473421052631578,152,0.86,0.14
2017-06-23 00:00:00,0.19800467289719625,321,0.89,0.11
2017-06-24 00:00:00,-0.044560526315789474,38,0.79,0.21
2017-06-25 00:00:00,0.16005,32,0.88,0.12
2017-06-26 00:00:00,0.09226336633663366,202,0.85,0.15
2017-06-27 00:00:00,-0.06339863636363637,220,0.73,0.27
2017-06-28 00:00:00,0.04194863387978142,183,0.79,0.21
2017-06-29 00:00:00,0.10152188841201716,233,0.83,0.17
2017-06-30 00:00:00,0.06970143884892085,139,0.78,0.22
2017-07-01 00:00:00,0.045571428571428575,28,0.89,0.11
2017-07-02 00:00:00,-0.041924137931034486,29,0.76,0.24
2017-07-03 00:00:00,-0.01949858156028369,141,0.69,0.31
2017-07-04 00:00:00,-0.049550000000000004,66,0.74,0.26
2017-07-05 00:00:00,0.03091875,112,0.75,0.25
2017-07-06 00:00:00,0.07264558823529411,136,0.76,0.24
2017-07-07 00:00:00,0.11032614379084967,153,0.83,0.17
2017-07-08 00:00:00,-0.03522553191489362,47,0.83,0.17
2017-07-09 00:00:00,0.04000212765957447,47,0.85,0.15
2017-07-10 00:00:00,0.10905379310344827,145,0.86,0.14
2017-07-11 00:00:00,0.08575146198830409,171,0.8,0.2
2017-07-12 00:00:00,0.06449444444444444,234,0.78,0.22
2017-07-13 00:00:00,-0.002793421052631579,228,0.76,0.24
2017-07-14 00:00:00,0.013586149584487535,361,0.75,0.25
2017-07-15 00:00:00,0.07002330097087378,103,0.86,0.14
2017-07-16 00:00:00,-0.044515217391304346,92,0.74,0.26
2017-07-17 00:00:00,0.024682510524301572,2613,0.75,0.25
2017-07-18 00:00:00,0.042560647991900104,2963,0.71,0.29
2017-07-19 00:00:00,0.026358223394898857,1137,0.71,0.29
2017-07-20 00:00:00,-0.050751315789473686,608,0.68,0.32
2017-07-21 00:00:00,0.0632170588235294,850,0.73,0.27
2017-07-22 00:00:00,0.006472268907563025,119,0.78,0.22
2017-07-23 00:00:00,0.02546829268292683,82,0.74,0.26
2017-07-24 00:00:00,0.01988409090909091,440,0.74,0.26
2017-07-25 00:00:00,0.030178975741239893,371,0.75,0.25
2017-07-26 00:00:00,0.1238091811414392,403,0.8,0.2
2017-07-27 00:00:00,0.008690521978021977,728,0.68,0.32
2017-07-28 00:00:00,-0.07480482954545455,352,0.64,0.36
2017-07-29 00:00:00,0.00396,50,0.82,0.18
2017-07-30 00:00:00,-0.050756363636363634,55,0.73,0.27
2017-07-31 00:00:00,-0.06069254901960784,255,0.69,0.31
2017-08-01 00:00:00,-0.01780162601626016,246,0.75,0.25
2017-08-02 00:00:00,-0.04449320987654321,324,0.68,0.32
2017-08-03 00:00:00,-0.06721638655462185,238,0.68,0.32
2017-08-04 00:00:00,0.04221867469879518,166,0.81,0.19
2017-08-05 00:00:00,0.0230375,48,0.79,0.21
2017-08-06 00:00:00,-0.04609107142857143,56,0.88,0.12
2017-08-07 00:00:00,0.0818153024911032,281,0.79,0.21
2017-08-08 00:00:00,-0.03417441386340469,981,0.76,0.24
2017-08-09 00:00:00,-0.032764979338842974,968,0.73,0.27
2017-08-10 00:00:00,-0.06284154175588866,467,0.69,0.31
2017-08-11 00:00:00,0.04810650406504065,246,0.77,0.23
2017-08-12 00:00:00,-0.007972307692307692,65,0.72,0.28
2017-08-13 00:00:00,0.0300375,64,0.83,0.17
2017-08-14 00:00:00,0.0004722222222222222,306,0.76,0.24
2017-08-15 00:00:00,0.04440559701492538,268,0.76,0.24
2017-08-16 00:00:00,0.0224936,375,0.74,0.26
2017-08-17 00:00:00,-0.001494736842105263,209,0.74,0.26
2017-08-18 00:00:00,0.06122987012987013,231,0.76,0.24
2017-08-19 00:00:00,-0.05875555555555556,36,0.75,0.25
2017-08-20 00:00:00,0.04635961538461538,52,0.79,0.21
2017-08-21 00:00:00,0.06355931034482759,145,0.78,0.22
2017-08-22 00:00:00,0.08452406417112299,187,0.82,0.18
2017-08-23 00:00:00,0.10281601423487545,281,0.79,0.21
2017-08-24 00:00:00,0.04867105263157895,190,0.77,0.23
2017-08-25 00:00:00,0.022360365853658536,164,0.78,0.22
2017-08-26 00:00:00,-0.029203333333333335,30,0.8,0.2
2017-08-27 00:00:00,4.2857142857142856e-05,42,0.88,0.12
2017-08-28 00:00:00,-0.04789776119402985,134,0.73,0.27
2017-08-29 00:00:00,0.06474736842105262,190,0.81,0.19
2017-08-30 00:00:00,0.07818006872852233,582,0.76,0.24
2017-08-31 00:00:00,0.1231041935483871,310,0.8,0.2
2017-09-01 00:00:00,0.12167666666666667,210,0.8,0.2
2017-09-02 00:00:00,0.08298124999999999,48,0.9,0.1
2017-09-03 00:00:00,0.05922156862745098,51,0.78,0.22
2017-09-04 00:00:00,-0.003168627450980392,51,0.86,0.14
2017-09-05 00:00:00,-0.005215999999999999,200,0.74,0.26
2017-09-06 00:00:00,0.08196986899563319,458,0.83,0.17
2017-09-07 00:00:00,0.06996768292682927,328,0.8,0.2
2017-09-08 00:00:00,-0.007098076923076923,156,0.76,0.24
2017-09-09 00:00:00,-0.079745,40,0.83,0.17
2017-09-10 00:00:00,0.0617,35,0.89,0.11
2017-09-11 00:00:00,0.09008837209302326,258,0.82,0.18
2017-09-12 00:00:00,0.04351778425655977,343,0.78,0.22
2017-09-13 00:00:00,0.05640977443609023,133,0.8,0.2
2017-09-14 00:00:00,0.04098682634730539,167,0.78,0.22
2017-09-15 00:00:00,0.0180688,125,0.77,0.23
2017-09-16 00:00:00,-0.0137,34,0.88,0.12
2017-09-17 00:00:00,0.04499189189189189,37,0.86,0.14
2017-09-18 00:00:00,0.14547931034482758,145,0.85,0.15
2017-09-19 00:00:00,0.13464426229508197,183,0.79,0.21
2017-09-20 00:00:00,-0.0046192546583850936,161,0.75,0.25
2017-09-21 00:00:00,0.08354274193548387,372,0.77,0.23
2017-09-22 00:00:00,0.11636858974358975,156,0.79,0.21
2017-09-23 00:00:00,0.065925,44,0.89,0.11
2017-09-24 00:00:00,0.18056956521739131,46,0.87,0.13
2017-09-25 00:00:00,-0.010116814159292036,339,0.72,0.28
2017-09-26 00:00:00,-0.02155159817351598,219,0.71,0.29
2017-09-27 00:00:00,0.11220238095238096,168,0.86,0.14
2017-09-28 00:00:00,0.13019819277108433,166,0.8,0.2
2017-09-29 00:00:00,0.0927837037037037,135,0.84,0.16
2017-09-30 00:00:00,0.13218611111111112,36,0.92,0.08
2017-10-01 00:00:00,0.0927764705882353,51,0.86,0.14
2017-10-02 00:00:00,-0.028589230769230773,195,0.69,0.31
2017-10-03 00:00:00,0.10683407407407407,135,0.82,0.18
2017-10-04 00:00:00,0.11308386167146973,347,0.81,0.19
2017-10-05 00:00:00,0.11407326530612244,980,0.78,0.22
2017-10-06 00:00:00,0.11984272445820433,969,0.8,0.2
2017-10-07 00:00:00,0.03858089887640449,89,0.83,0.17
2017-10-08 00:00:00,0.0702,83,0.87,0.13
2017-10-09 00:00:00,0.07708091787439614,414,0.81,0.19
2017-10-10 00:00:00,0.06615649038461538,416,0.78,0.22
2017-10-11 00:00:00,0.1097,332,0.81,0.19
2017-10-12 00:00:00,0.15574452554744525,411,0.83,0.17
2017-10-13 00:00:00,0.08012321428571428,560,0.79,0.21
2017-10-14 00:00:00,0.05508854961832061,131,0.85,0.15
2017-10-15 00:00:00,0.05277959183673469,98,0.83,0.17
2017-10-16 00:00:00,0.05155981426762347,2369,0.78,0.22
2017-10-17 00:00:00,0.002484232365145228,2169,0.72,0.28
2017-10-18 00:00:00,-0.02730535947712418,765,0.69,0.31
2017-10-19 00:00:00,0.06922518518518518,540,0.76,0.24
2017-10-20 00:00:00,0.1765717201166181,343,0.84,0.16
2017-10-21 00:00:00,-0.030841304347826087,46,0.8,0.2
2017-10-22 00:00:00,0.2722764705882353,51,0.92,0.08
2017-10-23 00:00:00,0.026211258278145695,302,0.75,0.25
2017-10-24 00:00:00,0.11757115902964958,371,0.79,0.21
2017-10-25 00:00:00,0.053422754491017965,167,0.77,0.23
2017-10-26 00:00:00,0.051994764397905756,191,0.78,0.22
2017-10-27 00:00:00,0.08516558704453442,247,0.79,0.21
2017-10-28 00:00:00,0.07391190476190476,42,0.86,0.14
2017-10-29 00:00:00,0.00011142857142857142,35,0.77,0.23
2017-10-30 00:00:00,0.08096428571428571,182,0.86,0.14
2017-10-31 00:00:00,0.015744444444444446,234,0.77,0.23
2017-11-01 00:00:00,0.09150994764397906,191,0.84,0.16
2017-11-02 00:00:00,0.11755495495495497,222,0.82,0.18
2017-11-03 00:00:00,0.004293969849246231,199,0.75,0.25
2017-11-04 00:00:00,-0.03883703703703704,54,0.8,0.2
2017-11-05 00:00:00,0.05823076923076923,39,0.87,0.13
2017-11-06 00:00:00,0.0959783870967742,310,0.82,0.18
2017-11-07 00:00:00,0.0313159169550173,289,0.77,0.23
2017-11-08 00:00:00,0.05819789029535865,237,0.8,0.2
2017-11-09 00:00:00,-0.004845205479452055,292,0.7,0.3
2017-11-10 00:00:00,0.02794070796460177,339,0.74,0.26
2017-11-11 00:00:00,-0.026694117647058823,51,0.78,0.22
2017-11-12 00:00:00,0.2133139534883721,43,0.91,0.09
2017-11-13 00:00:00,0.16310129310344829,232,0.83,0.17
2017-11-14 00:00:00,0.12254035087719298,171,0.84,0.16
2017-11-15 00:00:00,-0.03512880658436214,243,0.71,0.29
2017-11-16 00:00:00,0.03035171102661597,263,0.77,0.23
2017-11-17 00:00:00,-0.01783131868131868,182,0.74,0.26
2017-11-18 00:00:00,0.11130652173913043,46,0.87,0.13
2017-11-19 00:00:00,0.13907999999999998,30,0.93,0.07
2017-11-20 00:00:00,0.08776794258373205,209,0.82,0.18
2017-11-21 00:00:00,0.1614325471698113,212,0.83,0.17
2017-11-22 00:00:00,0.09197899543378996,219,0.82,0.18
2017-11-23 00:00:00,0.1045403846153846,52,0.88,0.12
2017-11-24 00:00:00,0.12387613636363635,88,0.9,0.1
2017-11-25 00:00:00,0.22533548387096775,31,0.97,0.03
2017-11-26 00:00:00,0.09586285714285714,35,0.86,0.14
2017-11-27 00:00:00,0.12563553719008264,121,0.88,0.12
2017-11-28 00:00:00,0.13184465408805032,318,0.86,0.14
2017-11-29 00:00:00,0.0073883548983364146,541,0.73,0.27
2017-11-30 00:00:00,0.08455180327868853,305,0.8,0.2
2017-12-01 00:00:00,0.015413973799126637,229,0.77,0.23
2017-12-02 00:00:00,-0.005871794871794872,78,0.81,0.19
2017-12-03 00:00:00,0.07148085106382979,47,0.85,0.15
2017-12-04 00:00:00,0.05003859649122807,342,0.77,0.23
2017-12-05 00:00:00,-0.040161965811965815,234,0.7,0.3
2017-12-06 00:00:00,0.06348461538461539,182,0.8,0.2
2017-12-07 00:00:00,0.08653757225433525,173,0.8,0.2
2017-12-08 00:00:00,0.1606987804878049,164,0.87,0.13
2017-12-09 00:00:00,0.20404599999999998,50,0.94,0.06
2017-12-10 00:00:00,0.06723,40,0.95,0.05
2017-12-11 00:00:00,0.01385639534883721,172,0.79,0.21
2017-12-12 00:00:00,-0.061054961832061064,131,0.76,0.24
2017-12-13 00:00:00,-0.00652,160,0.72,0.28
2017-12-14 00:00:00,-0.029829531568228106,491,0.75,0.25
2017-12-15 00:00:00,0.027246643109540634,283,0.79,0.21
2017-12-16 00:00:00,0.011715873015873016,63,0.81,0.19
2017-12-17 00:00:00,0.12917012987012985,77,0.9,0.1
2017-12-18 00:00:00,0.12818785714285716,140,0.86,0.14
2017-12-19 00:00:00,0.04655490196078431,153,0.79,0.21
2017-12-20 00:00:00,0.16942015503875968,129,0.85,0.15
2017-12-21 00:00:00,0.1521891891891892,111,0.9,0.1
2017-12-22 00:00:00,0.12336422018348624,109,0.84,0.16
2017-12-23 00:00:00,0.11881428571428572,35,0.89,0.11
2017-12-24 00:00:00,0.07999583333333334,24,0.92,0.08
2017-12-25 00:00:00,0.224016,25,1.0,0.0
2017-12-26 00:00:00,-0.049712643678160924,87,0.79,0.21
2017-12-27 00:00:00,-0.0069336538461538455,104,0.74,0.26
2017-12-28 00:00:00,0.1336851598173516,438,0.81,0.19
2017-12-29 00:00:00,0.15786225490196076,204,0.87,0.13
2017-12-30 00:00:00,0.06965172413793103,58,0.9,0.1
2017-12-31 00:00:00,0.08732068965517242,29,0.93,0.07
2018-01-01 00:00:00,0.1685142857142857,35,0.94,0.06
2018-01-02 00:00:00,0.19811436672967864,529,0.87,0.13
2018-01-03 00:00:00,0.1955848780487805,410,0.85,0.15
2018-01-04 00:00:00,0.09321762295081967,244,0.78,0.22
2018-01-05 00:00:00,0.12874624277456648,346,0.84,0.16
2018-01-06 00:00:00,0.07475194805194804,77,0.87,0.13
2018-01-07 00:00:00,0.19359375,48,0.92,0.08
2018-01-08 00:00:00,0.1482238683127572,243,0.84,0.16
2018-01-09 00:00:00,0.1109536231884058,207,0.81,0.19
2018-01-10 00:00:00,0.10431825726141078,241,0.83,0.17
2018-01-11 00:00:00,0.15035140186915888,321,0.83,0.17
2018-01-12 00:00:00,0.17217272727272728,385,0.85,0.15
2018-01-13 00:00:00,0.111159793814433,97,0.91,0.09
2018-01-14 00:00:00,0.073725,60,0.88,0.12
2018-01-15 00:00:00,0.1474695652173913,92,0.9,0.1
2018-01-16 00:00:00,0.14283507246376811,345,0.83,0.17
2018-01-17 00:00:00,0.02671398416886543,379,0.76,0.24
2018-01-18 00:00:00,0.10762710843373494,332,0.8,0.2
2018-01-19 00:00:00,0.18465105263157894,380,0.84,0.16
2018-01-20 00:00:00,0.0861184,125,0.86,0.14
2018-01-21 00:00:00,0.13860283018867925,106,0.94,0.06
2018-01-22 00:00:00,0.07869417938931299,2096,0.8,0.2
2018-01-23 00:00:00,0.0690715763846622,1643,0.78,0.22
2018-01-24 00:00:00,0.019575609756097564,1025,0.73,0.27
2018-01-25 00:00:00,0.04426860377358491,1325,0.73,0.27
2018-01-26 00:00:00,0.034625032092426185,779,0.73,0.27
2018-01-27 00:00:00,0.0830614864864865,148,0.81,0.19
2018-01-28 00:00:00,0.13796120689655172,116,0.8,0.2
2018-01-29 00:00:00,0.2158578947368421,38,0.87,0.13
2018-01-30 00:00:00,-0.05303018480492813,974,0.64,0.36
2018-01-31 00:00:00,-0.084105,1080,0.64,0.36
2018-02-01 00:00:00,0.001088921282798834,686,0.7,0.3
2018-02-02 00:00:00,-0.04796307237813884,677,0.67,0.33
2018-02-03 00:00:00,0.05186194690265487,113,0.76,0.24
2018-02-04 00:00:00,0.12163522727272728,88,0.78,0.22
2018-02-05 00:00:00,-0.02413838174273859,482,0.71,0.29
2018-02-06 00:00:00,0.014140485829959516,494,0.73,0.27
2018-02-07 00:00:00,-0.011804835164835164,455,0.72,0.28
2018-02-08 00:00:00,-0.026363227513227512,378,0.71,0.29
2018-02-09 00:00:00,-0.03968391472868217,516,0.69,0.31
2018-02-10 00:00:00,0.059356164383561644,73,0.9,0.1
2018-02-11 00:00:00,0.10811494252873564,87,0.85,0.15
2018-02-12 00:00:00,0.11209186440677968,295,0.79,0.21
2018-02-13 00:00:00,0.1066416,250,0.82,0.18
2018-02-14 00:00:00,0.06824809843400448,447,0.8,0.2
2018-02-15 00:00:00,0.10786733870967742,496,0.8,0.2
2018-02-16 00:00:00,0.05126170798898072,363,0.74,0.26
2018-02-17 00:00:00,0.1566614285714286,70,0.89,0.11
2018-02-18 00:00:00,0.24912428571428571,70,0.96,0.04
2018-02-19 00:00:00,0.13626543209876543,81,0.94,0.06
2018-02-20 00:00:00,-0.009357682619647355,397,0.69,0.31
2018-02-21 00:00:00,0.035082995951417006,494,0.71,0.29
2018-02-22 00:00:00,-0.08538763796909492,453,0.64,0.36
2018-02-23 00:00:00,0.09991083743842365,406,0.76,0.24
2018-02-24 00:00:00,0.17496511627906977,86,0.88,0.12
2018-02-25 00:00:00,0.153172,75,0.87,0.13
2018-02-26 00:00:00,0.06865564356435644,505,0.76,0.24
2018-02-27 00:00:00,0.041124047619047616,420,0.77,0.23
2018-02-28 00:00:00,0.09673952879581153,382,0.79,0.21
2018-03-01 00:00:00,0.0260613595706619,559,0.7,0.3
2018-03-02 00:00:00,0.09520341064120054,733,0.78,0.22
2018-03-03 00:00:00,0.06949574468085105,235,0.79,0.21
2018-03-04 00:00:00,0.008526785714285714,112,0.73,0.27
2018-03-05 00:00:00,0.051011861614497535,1214,0.75,0.25
2018-03-06 00:00:00,0.01011993690851735,1585,0.7,0.3
2018-03-07 00:00:00,-0.03296549019607843,1275,0.66,0.34
2018-03-08 00:00:00,-0.03524536741214057,939,0.67,0.33
2018-03-09 00:00:00,0.03451805755395684,1390,0.73,0.27
2018-03-10 00:00:00,0.08254132653061225,196,0.77,0.23
2018-03-11 00:00:00,0.0890744966442953,149,0.79,0.21
2018-03-12 00:00:00,-0.07321939597315437,1490,0.64,0.36
2018-03-13 00:00:00,-0.04756958083832335,835,0.66,0.34
2018-03-14 00:00:00,-0.018506801909307875,838,0.68,0.32
2018-03-15 00:00:00,0.005297022767075306,571,0.73,0.27
2018-03-16 00:00:00,0.027367052023121386,519,0.73,0.27
2018-03-17 00:00:00,0.0655504854368932,103,0.85,0.15
2018-03-18 00:00:00,0.01821358024691358,81,0.88,0.12
2018-03-19 00:00:00,-0.09520331950207468,482,0.63,0.37
2018-03-20 00:00:00,-0.004797989949748744,398,0.7,0.3
2018-03-21 00:00:00,0.008438787878787879,330,0.76,0.24
2018-03-22 00:00:00,-0.04945375626043406,599,0.69,0.31
2018-03-23 00:00:00,-0.0716565371024735,566,0.66,0.34
2018-03-24 00:00:00,-0.06652346938775511,98,0.74,0.26
2018-03-25 00:00:00,0.0077237113402061856,97,0.8,0.2
2018-03-26 00:00:00,0.07148280141843971,564,0.77,0.23
2018-03-27 00:00:00,0.021620184899845917,649,0.72,0.28
2018-03-28 00:00:00,0.01609737827715356,801,0.72,0.28
2018-03-29 00:00:00,0.049327168367346935,784,0.73,0.27
2018-03-30 00:00:00,0.05604132231404958,121,0.84,0.16
2018-03-31 00:00:00,0.14454848484848484,99,0.88,0.12
2018-04-01 00:00:00,0.1566764705882353,85,0.93,0.07
2018-04-02 00:00:00,0.0015940186915887852,535,0.73,0.27
2018-04-03 00:00:00,0.05237444219066937,493,0.76,0.24
2018-04-04 00:00:00,0.10906614173228346,508,0.79,0.21
2018-04-05 00:00:00,0.1054,435,0.78,0.22
2018-04-06 00:00:00,0.04928421052631579,627,0.75,0.25
2018-04-07 00:00:00,0.030721290322580645,155,0.82,0.18
2018-04-08 00:00:00,0.12142727272727272,165,0.87,0.13
2018-04-09 00:00:00,0.058466420664206646,542,0.78,0.22
2018-04-10 00:00:00,0.12780859375,640,0.8,0.2
2018-04-11 00:00:00,0.126184193194292,911,0.81,0.19
2018-04-12 00:00:00,0.12595079872204473,626,0.82,0.18
2018-04-13 00:00:00,0.12670112936344968,974,0.81,0.19
2018-04-14 00:00:00,0.05701601731601732,231,0.84,0.16
2018-04-15 00:00:00,0.1344027450980392,255,0.9,0.1
2018-04-16 00:00:00,0.029781532467532467,3850,0.75,0.25
2018-04-17 00:00:00,0.05925614307931571,2572,0.74,0.26
2018-04-18 00:00:00,0.05639927835051546,970,0.74,0.26
2018-04-19 00:00:00,0.08125734870317003,694,0.76,0.24
2018-04-20 00:00:00,0.016193375394321766,634,0.72,0.28
2018-04-21 00:00:00,0.07354563106796116,103,0.9,0.1
2018-04-22 00:00:00,0.05199242424242424,66,0.85,0.15
2018-04-23 00:00:00,-0.005657427536231884,552,0.73,0.27
2018-04-24 00:00:00,-0.006364480198019802,808,0.7,0.3
2018-04-25 00:00:00,0.027776923076923074,728,0.73,0.27
2018-04-26 00:00:00,0.0747116379310345,464,0.75,0.25
2018-04-27 00:00:00,-0.02576655518394649,299,0.75,0.25
2018-04-28 00:00:00,0.0787923076923077,78,0.86,0.14
2018-04-29 00:00:00,0.00545,66,0.83,0.17
2018-04-30 00:00:00,0.003287450980392157,255,0.79,0.21
2018-05-01 00:00:00,0.050768045112781955,266,0.79,0.21
2018-05-02 00:00:00,0.09602539682539682,252,0.85,0.15
2018-05-03 00:00:00,0.05425761904761905,210,0.8,0.2
2018-05-04 00:00:00,0.09740441176470588,340,0.77,0.23
2018-05-05 00:00:00,0.03697051282051282,78,0.81,0.19
2018-05-06 00:00:00,0.17930178571428573,56,0.91,0.09
2018-05-07 00:00:00,0.10424411764705882,272,0.8,0.2
2018-05-08 00:00:00,0.18820553359683795,253,0.84,0.16
2018-05-09 00:00:00,0.07666971428571429,350,0.77,0.23
2018-05-10 00:00:00,0.08717418181818182,275,0.77,0.23
2018-05-11 00:00:00,0.038138034188034194,234,0.76,0.24
2018-05-12 00:00:00,0.07194252873563219,87,0.86,0.14
2018-05-13 00:00:00,0.1263144927536232,69,0.88,0.12
2018-05-14 00:00:00,0.10695023696682465,211,0.83,0.17
2018-05-15 00:00:00,0.08223787878787879,264,0.79,0.21
2018-05-16 00:00:00,0.0221444976076555,209,0.75,0.25
2018-05-17 00:00:00,0.04587477477477478,222,0.77,0.23
2018-05-18 00:00:00,0.016696132596685082,181,0.8,0.2
2018-05-19 00:00:00,-0.009123728813559322,59,0.8,0.2
2018-05-20 00:00:00,0.06463626373626373,91,0.78,0.22
2018-05-21 00:00:00,0.10082847222222222,288,0.82,0.18
2018-05-22 00:00:00,-0.01967785888077859,411,0.77,0.23
2018-05-23 00:00:00,0.08622305909617613,863,0.79,0.21
2018-05-24 00:00:00,0.038014732142857145,1120,0.74,0.26
2018-05-25 00:00:00,0.021093908629441625,591,0.72,0.28
2018-05-26 00:00:00,0.11629285714285713,98,0.83,0.17
2018-05-27 00:00:00,0.062737,100,0.85,0.15
2018-05-28 00:00:00,0.06355688073394496,109,0.86,0.14
2018-05-29 00:00:00,0.03393778625954198,524,0.73,0.27
2018-05-30 00:00:00,0.04057184466019417,309,0.79,0.21
2018-05-31 00:00:00,-0.06827025089605734,279,0.69,0.31
2018-06-01 00:00:00,0.11131284403669725,436,0.81,0.19
2018-06-02 00:00:00,0.13701616161616162,99,0.89,0.11
2018-06-03 00:00:00,0.12393936170212766,94,0.85,0.15
2018-06-04 00:00:00,0.07555466237942121,311,0.81,0.19
2018-06-05 00:00:00,0.018115120967741934,496,0.74,0.26
2018-06-06 00:00:00,0.031432288401253915,319,0.77,0.23
2018-06-07 00:00:00,0.016695166163141994,331,0.76,0.24
2018-06-08 00:00:00,0.017372542372881355,295,0.78,0.22
2018-06-09 00:00:00,-0.028970833333333335,48,0.75,0.25
2018-06-10 00:00:00,0.08265,38,0.79,0.21
2018-06-11 00:00:00,0.11325763546798029,203,0.82,0.18
2018-06-12 00:00:00,0.02114548611111111,288,0.77,0.23
2018-06-13 00:00:00,0.08815607476635515,1391,0.79,0.21
2018-06-14 00:00:00,0.05496121076233184,1338,0.75,0.25
2018-06-15 00:00:00,0.040009871794871796,780,0.75,0.25
2018-06-16 00:00:00,0.07449903846153846,104,0.85,0.15
2018-06-17 00:00:00,-0.001101980198019802,101,0.77,0.23
2018-06-18 00:00:00,0.030727807486631016,374,0.75,0.25
2018-06-19 00:00:00,0.07005422191207257,1433,0.76,0.24
2018-06-20 00:00:00,0.027259306301905227,2047,0.71,0.29
2018-06-21 00:00:00,-0.00876072911859714,2167,0.68,0.32
2018-06-22 00:00:00,-0.04613588129496403,1112,0.67,0.33
2018-06-23 00:00:00,-0.07809,140,0.66,0.34
2018-06-24 00:00:00,-0.057069642857142854,112,0.71,0.29
2018-06-25 00:00:00,0.023671090387374465,1394,0.72,0.28
2018-06-26 00:00:00,0.03975155071248952,1193,0.72,0.28
2018-06-27 00:00:00,-0.0063050977060322855,1177,0.7,0.3
2018-06-28 00:00:00,0.08875661501787843,839,0.77,0.23
2018-06-29 00:00:00,0.03434701378254211,653,0.74,0.26
2018-06-30 00:00:00,-0.012927397260273973,73,0.78,0.22
2018-07-01 00:00:00,0.06266493506493506,77,0.84,0.16
2018-07-02 00:00:00,0.05974254237288136,590,0.75,0.25
2018-07-03 00:00:00,0.03333464566929134,381,0.76,0.24
2018-07-04 00:00:00,0.0412608,125,0.78,0.22
2018-07-05 00:00:00,0.06753177339901478,406,0.78,0.22
2018-07-06 00:00:00,0.08721023622047244,508,0.79,0.21
2018-07-07 00:00:00,0.21544938271604938,81,0.84,0.16
2018-07-08 00:00:00,0.08590421052631579,95,0.82,0.18
2018-07-09 00:00:00,0.08709967689822294,619,0.78,0.22
2018-07-10 00:00:00,0.053176680384087786,729,0.76,0.24
2018-07-11 00:00:00,0.04415431789737172,799,0.74,0.26
2018-07-12 00:00:00,0.05440243217960711,1069,0.74,0.26
2018-07-13 00:00:00,0.006156833114323259,1522,0.69,0.31
2018-07-14 00:00:00,0.02496006389776358,313,0.78,0.22
2018-07-15 00:00:00,0.04911287553648069,233,0.82,0.18
2018-07-16 00:00:00,-0.017864816250581485,6449,0.72,0.28
2018-07-17 00:00:00,0.04500173166472642,6872,0.72,0.28
2018-07-18 00:00:00,0.002253112507138778,1751,0.7,0.3
2018-07-19 00:00:00,-0.057380646817248464,1948,0.66,0.34
2018-07-20 00:00:00,-0.004725798101811907,1159,0.69,0.31
2018-07-21 00:00:00,-0.010938,150,0.77,0.23
2018-07-22 00:00:00,0.03798759124087591,137,0.76,0.24
2018-07-23 00:00:00,0.12241227621483376,782,0.78,0.22
2018-07-24 00:00:00,0.010325775022143489,1129,0.71,0.29
2018-07-25 00:00:00,0.0242504873294347,1026,0.73,0.27
2018-07-26 00:00:00,0.06340401505646173,797,0.77,0.23
2018-07-27 00:00:00,0.052752504038772206,619,0.76,0.24
2018-07-28 00:00:00,0.015143925233644861,107,0.76,0.24
2018-07-29 00:00:00,0.07618035714285713,112,0.79,0.21
2018-07-30 00:00:00,-0.062435125758889855,1153,0.66,0.34
2018-07-31 00:00:00,0.03592394916911046,1023,0.73,0.27
2018-08-01 00:00:00,0.025474221453287198,578,0.75,0.25
2018-08-02 00:00:00,0.11361009708737864,515,0.82,0.18
2018-08-03 00:00:00,0.0036119825708061,459,0.74,0.26
2018-08-04 00:00:00,0.10543370786516854,89,0.89,0.11
2018-08-05 00:00:00,-0.04221066666666667,75,0.77,0.23
2018-08-06 00:00:00,0.14048619957537153,471,0.82,0.18
2018-08-07 00:00:00,0.08773780487804878,410,0.85,0.15
2018-08-08 00:00:00,0.040148743718592964,398,0.8,0.2
2018-08-09 00:00:00,0.11136426426426427,333,0.84,0.16
2018-08-10 00:00:00,-0.06257642045454546,352,0.7,0.3
2018-08-11 00:00:00,0.02824074074074074,54,0.87,0.13
2018-08-12 00:00:00,0.12949636363636363,55,0.85,0.15
2018-08-13 00:00:00,-0.009010660980810235,469,0.71,0.29
2018-08-14 00:00:00,0.018143939393939396,462,0.73,0.27
2018-08-15 00:00:00,-0.03748340807174888,669,0.67,0.33
2018-08-16 00:00:00,-0.02787230769230769,585,0.68,0.32
2018-08-17 00:00:00,-0.030759969788519637,662,0.66,0.34
2018-08-18 00:00:00,0.061544166666666664,120,0.76,0.24
2018-08-19 00:00:00,0.01882077922077922,77,0.68,0.32
2018-08-20 00:00:00,0.07462052522460262,1447,0.77,0.23
2018-08-21 00:00:00,0.06324194792671167,1037,0.76,0.24
2018-08-22 00:00:00,0.14084869565217392,575,0.8,0.2
2018-08-23 00:00:00,0.007209254498714652,778,0.71,0.29
2018-08-24 00:00:00,0.1244423197492163,1276,0.78,0.22
2018-08-25 00:00:00,0.14503969465648855,131,0.86,0.14
2018-08-26 00:00:00,0.11043518518518518,108,0.82,0.18
2018-08-27 00:00:00,0.08440075187969925,931,0.76,0.24
2018-08-28 00:00:00,0.07685516569200779,513,0.78,0.22
2018-08-29 00:00:00,0.13098774080560419,571,0.78,0.22
2018-08-30 00:00:00,0.1252098275862069,580,0.78,0.22
2018-08-31 00:00:00,0.05477032418952619,401,0.73,0.27
2018-09-01 00:00:00,0.08448983050847457,59,0.75,0.25
2018-09-02 00:00:00,0.23131296296296297,54,0.87,0.13
2018-09-03 00:00:00,0.029799000000000003,100,0.8,0.2
2018-09-04 00:00:00,0.02769514285714286,350,0.74,0.26
2018-09-05 00:00:00,-0.0033184,750,0.71,0.29
2018-09-06 00:00:00,0.07875464231354642,657,0.75,0.25
2018-09-07 00:00:00,0.06675160599571735,467,0.79,0.21
2018-09-08 00:00:00,0.03695625,80,0.84,0.16
2018-09-09 00:00:00,0.05968815789473684,76,0.88,0.12
2018-09-10 00:00:00,0.0782124031007752,258,0.79,0.21
2018-09-11 00:00:00,0.10186946778711485,357,0.8,0.2
2018-09-12 00:00:00,0.12374791666666667,624,0.82,0.18
2018-09-13 00:00:00,0.12885284738041003,439,0.81,0.19
2018-09-14 00:00:00,0.040510332103321035,271,0.76,0.24
2018-09-15 00:00:00,-0.014462962962962964,54,0.81,0.19
2018-09-16 00:00:00,0.07635,56,0.84,0.16
2018-09-17 00:00:00,-0.0404024,375,0.71,0.29
2018-09-18 00:00:00,0.08292968421052631,475,0.83,0.17
2018-09-19 00:00:00,0.1291856707317073,656,0.79,0.21
2018-09-20 00:00:00,0.1259314,500,0.81,0.19
2018-09-21 00:00:00,0.037115183246073304,382,0.77,0.23
2018-09-22 00:00:00,0.035013432835820896,67,0.82,0.18
2018-09-23 00:00:00,0.16169247311827956,93,0.9,0.1
2018-09-24 00:00:00,0.12191245551601422,562,0.82,0.18
2018-09-25 00:00:00,0.09941957104557642,373,0.8,0.2
2018-09-26 00:00:00,0.08280861618798956,766,0.75,0.25
2018-09-27 00:00:00,0.07671156862745099,510,0.77,0.23
2018-09-28 00:00:00,0.054701346801346806,297,0.75,0.25
2018-09-29 00:00:00,0.17606538461538462,52,0.87,0.13
2018-09-30 00:00:00,0.11794150943396225,53,0.87,0.13
2018-10-01 00:00:00,0.18571356382978724,376,0.88,0.12
2018-10-02 00:00:00,0.09887758186397984,397,0.78,0.22
2018-10-03 00:00:00,0.08066033898305085,295,0.79,0.21
2018-10-04 00:00:00,0.051177306733167074,401,0.74,0.26
2018-10-05 00:00:00,0.0826168970814132,651,0.75,0.25
2018-10-06 00:00:00,0.0492123595505618,89,0.79,0.21
2018-10-07 00:00:00,0.03437236842105263,76,0.8,0.2
2018-10-08 00:00:00,0.057985313174946006,463,0.73,0.27
2018-10-09 00:00:00,0.13228452914798206,446,0.77,0.23
2018-10-10 00:00:00,0.028125860023724792,843,0.75,0.25
2018-10-11 00:00:00,0.01155965379494008,751,0.72,0.28
2018-10-12 00:00:00,0.10618114374034004,647,0.76,0.24
2018-10-13 00:00:00,0.11109461538461537,130,0.86,0.14
2018-10-14 00:00:00,0.07181230769230769,130,0.82,0.18
2018-10-15 00:00:00,0.054810050890585243,786,0.77,0.23
2018-10-16 00:00:00,0.07888401513360133,4229,0.79,0.21
2018-10-17 00:00:00,0.014342322097378278,3471,0.69,0.31
2018-10-18 00:00:00,0.012028289473684211,1520,0.7,0.3
2018-10-19 00:00:00,-0.016381145757795503,1379,0.68,0.32
2018-10-20 00:00:00,-0.030336111111111112,144,0.69,0.31
2018-10-21 00:00:00,-0.058383035714285714,112,0.71,0.29
2018-10-22 00:00:00,-0.00706066985645933,1045,0.7,0.3
2018-10-23 00:00:00,0.04507238372093023,1032,0.74,0.26
2018-10-24 00:00:00,-0.04397184466019418,1236,0.67,0.33
2018-10-25 00:00:00,-0.023980868385345997,737,0.67,0.33
2018-10-26 00:00:00,-0.037429715762273906,774,0.66,0.34
2018-10-27 00:00:00,0.08184948453608247,97,0.82,0.18
2018-10-28 00:00:00,-0.05597105263157895,76,0.74,0.26
2018-10-29 00:00:00,-0.051452707182320444,905,0.67,0.33
2018-10-30 00:00:00,-0.030430204572803852,831,0.68,0.32
2018-10-31 00:00:00,0.07627068702290075,655,0.76,0.24
2018-11-01 00:00:00,0.08231681415929204,678,0.76,0.24
2018-11-02 00:00:00,0.009030734966592428,449,0.75,0.25
2018-11-03 00:00:00,0.1368709090909091,55,0.82,0.18
2018-11-04 00:00:00,0.018774999999999997,56,0.77,0.23
2018-11-05 00:00:00,0.07511432506887053,363,0.74,0.26
2018-11-06 00:00:00,0.018554444444444443,360,0.75,0.25
2018-11-07 00:00:00,0.08031400491400492,407,0.79,0.21
2018-11-08 00:00:00,-0.0340965601965602,407,0.71,0.29
2018-11-09 00:00:00,0.004683992467043314,531,0.71,0.29
2018-11-10 00:00:00,-0.0827072463768116,69,0.77,0.23
2018-11-11 00:00:00,-0.023060344827586204,58,0.74,0.26
2018-11-12 00:00:00,-0.032786046511627906,387,0.7,0.3
2018-11-13 00:00:00,0.006363501483679525,337,0.73,0.27
2018-11-14 00:00:00,0.016545335820895523,536,0.73,0.27
2018-11-15 00:00:00,-0.01580889423076923,416,0.72,0.28
2018-11-16 00:00:00,0.02170029761904762,336,0.73,0.27
2018-11-17 00:00:00,0.029748717948717945,78,0.79,0.21
2018-11-18 00:00:00,0.10232142857142858,56,0.8,0.2
2018-11-19 00:00:00,-0.06893800383877159,521,0.66,0.34
2018-11-20 00:00:00,-0.025058131067961165,824,0.67,0.33
2018-11-21 00:00:00,0.004177797202797203,572,0.73,0.27
2018-11-22 00:00:00,-0.05650983606557377,122,0.7,0.3
2018-11-23 00:00:00,0.006486440677966101,236,0.71,0.29
2018-11-24 00:00:00,-0.04999325842696629,89,0.73,0.27
2018-11-25 00:00:00,-0.014276136363636364,88,0.76,0.24
2018-11-26 00:00:00,-0.08564389610389611,385,0.62,0.38
2018-11-27 00:00:00,0.005343520782396089,409,0.75,0.25
2018-11-28 00:00:00,0.12976660341555976,527,0.78,0.22
2018-11-29 00:00:00,0.05718703339882122,509,0.73,0.27
2018-11-30 00:00:00,0.032159547738693464,398,0.74,0.26
2018-12-01 00:00:00,0.050496875,96,0.85,0.15
2018-12-02 00:00:00,0.03937402597402598,154,0.77,0.23
2018-12-03 00:00:00,0.010043889845094665,581,0.71,0.29
2018-12-04 00:00:00,-0.026883622828784117,403,0.69,0.31
2018-12-05 00:00:00,-0.042183660130718954,153,0.76,0.24
2018-12-06 00:00:00,0.034793125,480,0.75,0.25
2018-12-07 00:00:00,0.04675337690631808,459,0.73,0.27
2018-12-08 00:00:00,-0.10940689655172413,87,0.66,0.34
2018-12-09 00:00:00,0.06015223880597015,67,0.82,0.18
2018-12-10 00:00:00,0.07666626865671641,335,0.76,0.24
2018-12-11 00:00:00,0.009783231707317073,328,0.72,0.28
2018-12-12 00:00:00,0.08660859375,512,0.77,0.23
2018-12-13 00:00:00,-0.007774231678486998,423,0.72,0.28
2018-12-14 00:00:00,0.014572704081632654,392,0.69,0.31
2018-12-15 00:00:00,0.04641643835616438,73,0.79,0.21
2018-12-16 00:00:00,-0.07299342105263158,76,0.74,0.26
2018-12-17 00:00:00,-0.0746954415954416,351,0.66,0.34
2018-12-18 00:00:00,-0.03192099567099567,462,0.66,0.34
2018-12-19 00:00:00,-0.02091485714285714,525,0.72,0.28
2018-12-20 00:00:00,-0.05521746031746032,567,0.67,0.33
2018-12-21 00:00:00,-0.06729785082174462,791,0.67,0.33
2018-12-22 00:00:00,-0.04073454545454546,110,0.7,0.3
2018-12-23 00:00:00,0.0007432989690721649,97,0.75,0.25
2018-12-24 00:00:00,-0.04981959595959596,495,0.67,0.33
2018-12-25 00:00:00,-0.041001612903225806,124,0.73,0.27
2018-12-26 00:00:00,0.02852093023255814,430,0.73,0.27
2018-12-27 00:00:00,-0.040197894736842106,475,0.68,0.32
2018-12-28 00:00:00,-0.0034277777777777774,342,0.69,0.31
2018-12-29 00:00:00,0.10721190476190477,84,0.85,0.15
2018-12-30 00:00:00,-0.03951392405063291,79,0.8,0.2
2018-12-31 00:00:00,-0.0312909793814433,388,0.72,0.28
2019-01-01 00:00:00,0.09146752136752137,117,0.85,0.15
2019-01-02 00:00:00,-0.10024396887159533,514,0.65,0.35
2019-01-03 00:00:00,-0.040493540051679586,774,0.66,0.34
2019-01-04 00:00:00,0.07071053698074975,987,0.76,0.24
2019-01-05 00:00:00,0.04002771084337349,166,0.75,0.25
2019-01-06 00:00:00,0.04538148148148148,135,0.76,0.24
2019-01-07 00:00:00,0.03849979550102249,978,0.73,0.27
2019-01-08 00:00:00,0.015927633069082674,883,0.71,0.29
2019-01-09 00:00:00,-0.03497209612817089,749,0.67,0.33
2019-01-10 00:00:00,0.02441936274509804,1224,0.69,0.31
2019-01-11 00:00:00,-0.018378363636363637,1650,0.68,0.32
2019-01-12 00:00:00,0.016338812785388127,219,0.75,0.25
2019-01-13 00:00:00,0.05865,180,0.74,0.26
2019-01-14 00:00:00,0.06172996632996633,594,0.76,0.24
2019-01-15 00:00:00,0.03913266932270917,2008,0.74,0.26
2019-01-16 00:00:00,0.0010188925081433225,1228,0.71,0.29
2019-01-17 00:00:00,-0.0022259867054424593,4814,0.74,0.26
2019-01-18 00:00:00,0.012312072575017445,2866,0.71,0.29
2019-01-19 00:00:00,-0.006306161137440759,211,0.77,0.23
2019-01-20 00:00:00,0.008894303797468354,158,0.77,0.23
2019-01-21 00:00:00,-0.0003345679012345679,162,0.74,0.26
2019-01-22 00:00:00,-0.07055166835187057,989,0.66,0.34
2019-01-23 00:00:00,-0.08899731343283582,670,0.63,0.37
2019-01-24 00:00:00,-0.01505621521335807,539,0.69,0.31
2019-01-25 00:00:00,0.003254233870967742,496,0.73,0.27
2019-01-26 00:00:00,0.09299861111111112,72,0.81,0.19
2019-01-27 00:00:00,0.11233260869565218,92,0.82,0.18
2019-01-28 00:00:00,0.00793217054263566,258,0.75,0.25
2019-01-29 00:00:00,-0.06873333333333333,306,0.68,0.32
2019-01-30 00:00:00,-0.006020388349514563,309,0.71,0.29
2019-01-31 00:00:00,0.024514010989010987,364,0.73,0.27
2019-02-01 00:00:00,-0.03171005586592179,358,0.74,0.26
2019-02-02 00:00:00,-0.02267818181818182,55,0.69,0.31
2019-02-03 00:00:00,-0.08448666666666667,45,0.8,0.2
2019-02-04 00:00:00,0.03513789682539682,504,0.73,0.27
2019-02-05 00:00:00,0.03073550863723609,521,0.75,0.25
2019-02-06 00:00:00,0.056761415525114156,438,0.77,0.23
2019-02-07 00:00:00,0.014871080139372822,287,0.72,0.28
2019-02-08 00:00:00,0.06395294117647059,374,0.79,0.21
2019-02-09 00:00:00,0.06365324675324675,77,0.84,0.16
2019-02-10 00:00:00,0.07841999999999999,65,0.83,0.17
2019-02-11 00:00:00,0.0028623255813953487,215,0.76,0.24
2019-02-12 00:00:00,0.2359731707317073,41,0.83,0.17
2019-02-13 00:00:00,0.009749160671462831,417,0.71,0.29
2019-02-14 00:00:00,0.06073668430335097,567,0.74,0.26
2019-02-15 00:00:00,-0.01935238095238095,399,0.68,0.32
2019-02-16 00:00:00,-0.015298,50,0.76,0.24
2019-02-17 00:00:00,0.05845909090909091,44,0.8,0.2
2019-02-18 00:00:00,-0.0011535714285714285,84,0.74,0.26
2019-02-19 00:00:00,0.05644669926650367,409,0.75,0.25
2019-02-20 00:00:00,-0.03724837545126354,277,0.71,0.29
2019-02-21 00:00:00,-0.007397938144329897,291,0.75,0.25
2019-02-22 00:00:00,0.05836163682864451,391,0.79,0.21
2019-02-23 00:00:00,0.1767921052631579,38,0.87,0.13
2019-02-24 00:00:00,0.08998828828828828,222,0.84,0.16
2019-02-25 00:00:00,0.08091749999999999,400,0.78,0.22
2019-02-26 00:00:00,0.0012578947368421054,209,0.77,0.23
2019-02-27 00:00:00,-0.0318725925925926,270,0.71,0.29
2019-02-28 00:00:00,0.03679169054441261,349,0.77,0.23
2019-03-01 00:00:00,-0.05951342756183746,283,0.66,0.34
2019-03-02 00:00:00,-0.0057571428571428565,42,0.81,0.19
2019-03-03 00:00:00,0.07877023809523809,84,0.9,0.1
2019-03-04 00:00:00,-0.009896005944640535,10766,0.28,0.72
2019-03-05 00:00:00,0.006246408839779006,362,0.77,0.23
2019-03-06 00:00:00,-0.017791094147582696,393,0.7,0.3
2019-03-07 00:00:00,-0.03816068181818182,440,0.7,0.3
2019-03-08 00:00:00,-0.05631126373626373,364,0.65,0.35
2019-03-09 00:00:00,-0.058271428571428564,35,0.71,0.29
2019-03-10 00:00:00,0.0070796875,64,0.83,0.17
2019-03-11 00:00:00,0.057738611111111116,360,0.79,0.21
2019-03-12 00:00:00,0.004767169811320755,265,0.76,0.24
2019-03-13 00:00:00,0.058588698630136986,292,0.77,0.23
2019-03-14 00:00:00,-0.07526243093922652,181,0.66,0.34
2019-03-15 00:00:00,0.10363969465648855,262,0.82,0.18
2019-03-16 00:00:00,0.09789285714285714,56,0.84,0.16
2019-03-17 00:00:00,0.08515142857142857,70,0.79,0.21
2019-03-18 00:00:00,-0.004782492581602373,337,0.73,0.27
2019-03-19 00:00:00,0.09488338108882521,349,0.81,0.19
2019-03-20 00:00:00,0.0693765060240964,664,0.77,0.23
2019-03-21 00:00:00,0.08703571428571429,364,0.81,0.19
2019-03-22 00:00:00,-0.02764532577903683,353,0.7,0.3
2019-03-23 00:00:00,0.061741379310344825,58,0.79,0.21
2019-03-24 00:00:00,0.005809433962264151,106,0.74,0.26
2019-03-25 00:00:00,0.018141189427312777,454,0.78,0.22
2019-03-26 00:00:00,-0.030148746518105847,359,0.75,0.25
2019-03-27 00:00:00,-0.02482960288808664,277,0.73,0.27
2019-03-28 00:00:00,0.08313968871595331,257,0.79,0.21
2019-03-29 00:00:00,0.10809516129032258,186,0.82,0.18
2019-03-30 00:00:00,-0.06936250000000001,40,0.83,0.17
2019-03-31 00:00:00,-0.023428,50,0.82,0.18
2019-04-01 00:00:00,0.06363558052434456,267,0.8,0.2
2019-04-02 00:00:00,0.09950162601626016,246,0.79,0.21
2019-04-03 00:00:00,0.09747991631799163,239,0.84,0.16
2019-04-04 00:00:00,0.015379607843137256,255,0.75,0.25
2019-04-05 00:00:00,0.015618045112781954,133,0.77,0.23
2019-04-06 00:00:00,0.14869756097560974,41,0.9,0.1
2019-04-07 00:00:00,0.22504565217391304,46,0.91,0.09
2019-04-08 00:00:00,0.07158798283261802,233,0.8,0.2
2019-04-09 00:00:00,0.12478854166666668,288,0.83,0.17
2019-04-10 00:00:00,0.12492922535211268,284,0.85,0.15
2019-04-11 00:00:00,0.10562710706150341,439,0.82,0.18
2019-04-12 00:00:00,0.04319572016460905,1215,0.77,0.23
2019-04-13 00:00:00,0.04176988636363636,176,0.8,0.2
2019-04-14 00:00:00,0.0745935294117647,170,0.85,0.15
2019-04-15 00:00:00,0.059382333696837514,917,0.77,0.23
2019-04-16 00:00:00,0.05031200428724544,3732,0.76,0.24
2019-04-17 00:00:00,0.015535726210350584,1797,0.71,0.29
2019-04-18 00:00:00,0.01891395833333333,480,0.72,0.28
2019-04-19 00:00:00,-0.09685714285714286,56,0.71,0.29
2019-04-20 00:00:00,0.1171452380952381,42,0.86,0.14
2019-04-21 00:00:00,0.037328125,64,0.84,0.16
2019-04-22 00:00:00,0.11715216819973719,761,0.78,0.22
2019-04-23 00:00:00,0.05370152284263959,788,0.73,0.27
2019-04-24 00:00:00,-0.06364846153846154,520,0.66,0.34
2019-04-25 00:00:00,-0.060687339055793994,466,0.7,0.3
2019-04-26 00:00:00,-0.0012958115183246074,382,0.74,0.26
2019-04-27 00:00:00,0.08549305555555556,72,0.88,0.12
2019-04-28 00:00:00,0.16586770833333334,96,0.88,0.12
2019-04-29 00:00:00,0.024126335877862597,262,0.72,0.28
2019-04-30 00:00:00,-0.04966579925650557,269,0.65,0.35
2019-05-01 00:00:00,0.041350000000000005,554,0.71,0.29
2019-05-02 00:00:00,-0.020461494252873563,348,0.68,0.32
2019-05-03 00:00:00,0.023268094218415417,467,0.73,0.27
2019-05-04 00:00:00,0.20541509433962266,53,0.92,0.08
2019-05-05 00:00:00,0.03440674157303371,178,0.79,0.21
2019-05-06 00:00:00,-0.004513620071684588,279,0.72,0.28
2019-05-07 00:00:00,0.013381034482758621,290,0.72,0.28
2019-05-08 00:00:00,0.06598535211267606,355,0.74,0.26
2019-05-09 00:00:00,0.01478062015503876,258,0.75,0.25
2019-05-10 00:00:00,0.03081294642857143,224,0.79,0.21
2019-05-11 00:00:00,-0.04539761904761905,42,0.76,0.24
2019-05-12 00:00:00,0.011175308641975308,81,0.78,0.22
2019-05-13 00:00:00,-0.026333846153846156,195,0.71,0.29
2019-05-14 00:00:00,0.08718851674641148,209,0.78,0.22
2019-05-15 00:00:00,0.08934191419141914,303,0.8,0.2
2019-05-16 00:00:00,0.18072683982683982,231,0.87,0.13
2019-05-17 00:00:00,0.04774895104895105,143,0.8,0.2
2019-05-18 00:00:00,0.05610526315789474,38,0.82,0.18
2019-05-19 00:00:00,0.017472549019607844,51,0.84,0.16
2019-05-20 00:00:00,-0.06219140625,128,0.69,0.31
2019-05-21 00:00:00,0.10805277777777778,144,0.81,0.19
2019-05-22 00:00:00,0.04145805084745763,472,0.76,0.24
2019-05-23 00:00:00,0.08270597826086956,184,0.73,0.27
2019-05-24 00:00:00,0.09384555555555554,90,0.78,0.22
2019-05-25 00:00:00,0.044094117647058825,17,0.65,0.35
2019-05-26 00:00:00,0.07156842105263157,19,0.79,0.21
2019-05-27 00:00:00,-0.030917857142857143,28,0.75,0.25
2019-05-28 00:00:00,0.025638211382113824,123,0.76,0.24
2019-05-29 00:00:00,0.05980119760479042,167,0.74,0.26
2019-05-30 00:00:00,0.06681217391304348,115,0.78,0.22
2019-05-31 00:00:00,-0.02074179104477612,134,0.72,0.28
2019-06-01 00:00:00,-0.16983333333333334,42,0.55,0.45
2019-06-02 00:00:00,0.09837777777777777,36,0.81,0.19
2019-06-03 00:00:00,-0.03093377483443709,151,0.65,0.35
2019-06-04 00:00:00,0.056290773809523804,336,0.74,0.26
2019-06-05 00:00:00,0.027993212669683257,221,0.71,0.29
2019-06-06 00:00:00,0.04930878378378378,148,0.77,0.23
2019-06-07 00:00:00,-0.026135714285714283,168,0.71,0.29
2019-06-08 00:00:00,0.08764285714285713,35,0.86,0.14
2019-06-09 00:00:00,0.20242894736842107,38,0.89,0.11
2019-06-10 00:00:00,-0.0055936,375,0.69,0.31
2019-06-11 00:00:00,0.0626806324110672,253,0.75,0.25
2019-06-12 00:00:00,0.03917725631768953,277,0.74,0.26
2019-06-13 00:00:00,0.06654230769230769,572,0.75,0.25
2019-06-14 00:00:00,0.03950691244239631,434,0.71,0.29
2019-06-15 00:00:00,0.103318,50,0.7,0.3
2019-06-16 00:00:00,0.17521176470588237,51,0.78,0.22
2019-06-17 00:00:00,0.11610997229916897,361,0.77,0.23
2019-06-18 00:00:00,0.04169084249084249,273,0.73,0.27
2019-06-19 00:00:00,0.08058366533864543,251,0.76,0.24
2019-06-20 00:00:00,-0.012542016806722688,238,0.7,0.3
2019-06-21 00:00:00,0.04110357142857143,252,0.76,0.24
2019-06-22 00:00:00,0.20523333333333332,30,0.87,0.13
2019-06-23 00:00:00,0.10515599999999999,50,0.84,0.16
2019-06-24 00:00:00,0.04928054298642534,221,0.75,0.25
2019-06-25 00:00:00,-0.0722971119133574,277,0.65,0.35
2019-06-26 00:00:00,0.01548076923076923,182,0.77,0.23
2019-06-27 00:00:00,0.04098148148148148,216,0.75,0.25
2019-06-28 00:00:00,0.0526673076923077,156,0.78,0.22
2019-06-29 00:00:00,0.07956944444444444,36,0.78,0.22
2019-06-30 00:00:00,0.3079446808510638,47,0.85,0.15
2019-07-01 00:00:00,0.13369254658385094,161,0.84,0.16
2019-07-02 00:00:00,0.08147727272727273,198,0.82,0.18
2019-07-03 00:00:00,0.23856157894736843,190,0.85,0.15
2019-07-04 00:00:00,0.1628867469879518,83,0.87,0.13
2019-07-05 00:00:00,0.1020905472636816,201,0.81,0.19
2019-07-06 00:00:00,0.11360188679245284,53,0.81,0.19
2019-07-07 00:00:00,0.12515076923076923,65,0.86,0.14
2019-07-08 00:00:00,0.1349391959798995,199,0.77,0.23
2019-07-09 00:00:00,0.07699175475687103,473,0.75,0.25
2019-07-10 00:00:00,0.1034003086419753,324,0.77,0.23
2019-07-11 00:00:00,0.19471948529411764,272,0.85,0.15
2019-07-12 00:00:00,0.11127248062015505,258,0.78,0.22
2019-07-13 00:00:00,0.19296739130434784,46,0.87,0.13
2019-07-14 00:00:00,0.10819850746268657,67,0.84,0.16
2019-07-15 00:00:00,0.07199780487804879,410,0.76,0.24
2019-07-16 00:00:00,0.16210547112462007,329,0.84,0.16
2019-07-17 00:00:00,-0.006438943418013857,3464,0.73,0.27
2019-07-18 00:00:00,0.03868900047824008,2091,0.72,0.28
2019-07-19 00:00:00,-0.03337874762808349,1054,0.66,0.34
2019-07-20 00:00:00,-0.037974213836477984,159,0.66,0.34
2019-07-21 00:00:00,0.03770855263157895,152,0.77,0.23
2019-07-22 00:00:00,-0.013848216340621404,869,0.65,0.35
2019-07-23 00:00:00,-0.02499875,800,0.66,0.34
2019-07-24 00:00:00,0.08049151291512914,1084,0.73,0.27
2019-07-25 00:00:00,0.1103761329305136,662,0.76,0.24
2019-07-26 00:00:00,0.088446875,608,0.76,0.24
2019-07-27 00:00:00,0.07959722222222222,72,0.74,0.26
2019-07-28 00:00:00,0.04873,100,0.78,0.22
2019-07-29 00:00:00,-0.012411881188118812,303,0.69,0.31
2019-07-30 00:00:00,0.02278689024390244,328,0.7,0.3
2019-07-31 00:00:00,-0.08428440677966102,295,0.66,0.34
2019-08-01 00:00:00,-0.020747284345047922,313,0.71,0.29
2019-08-02 00:00:00,0.035422222222222216,252,0.74,0.26
2019-08-03 00:00:00,0.057077777777777776,54,0.74,0.26
2019-08-04 00:00:00,0.0721328125,64,0.75,0.25
2019-08-05 00:00:00,-0.0018308724832214766,447,0.71,0.29
2019-08-06 00:00:00,0.07377119113573408,361,0.77,0.23
2019-08-07 00:00:00,0.03723310023310023,429,0.73,0.27
2019-08-08 00:00:00,0.07583783783783783,259,0.77,0.23
2019-08-09 00:00:00,0.16175777777777778,90,0.82,0.18
2019-08-10 00:00:00,0.02008205128205128,39,0.79,0.21
2019-08-11 00:00:00,0.05454222222222223,45,0.76,0.24
2019-08-12 00:00:00,0.11014239130434783,276,0.78,0.22
2019-08-13 00:00:00,0.04510512820512821,234,0.76,0.24
2019-08-14 00:00:00,0.02828921568627451,306,0.72,0.28
2019-08-15 00:00:00,0.02795822102425876,371,0.75,0.25
2019-08-16 00:00:00,0.029695555555555555,225,0.74,0.26
2019-08-17 00:00:00,0.18046415094339624,53,0.85,0.15
2019-08-18 00:00:00,0.12621428571428572,63,0.79,0.21
2019-08-19 00:00:00,0.037352021563342316,371,0.78,0.22
2019-08-20 00:00:00,-0.006675125628140703,398,0.7,0.3
2019-08-21 00:00:00,0.026622666666666666,375,0.7,0.3
2019-08-22 00:00:00,0.06938721804511279,266,0.74,0.26
2019-08-23 00:00:00,-0.03019798657718121,298,0.73,0.27
2019-08-24 00:00:00,-0.006190540540540541,74,0.74,0.26
2019-08-25 00:00:00,0.06518160919540229,87,0.77,0.23
2019-08-26 00:00:00,0.01737292576419214,229,0.75,0.25
2019-08-27 00:00:00,-0.003190588235294118,340,0.72,0.28
2019-08-28 00:00:00,0.02596206896551724,290,0.74,0.26
2019-08-29 00:00:00,0.033522155688622754,334,0.76,0.24
2019-08-30 00:00:00,0.04336190476190476,210,0.74,0.26
2019-08-31 00:00:00,0.13015263157894738,38,0.87,0.13
2019-09-01 00:00:00,-0.024523913043478264,46,0.8,0.2
2019-09-02 00:00:00,0.14344893617021276,47,0.91,0.09
2019-09-03 00:00:00,0.023252941176470587,187,0.79,0.21
2019-09-04 00:00:00,0.05357469387755102,245,0.78,0.22
2019-09-05 00:00:00,0.031296851851851853,540,0.74,0.26
2019-09-06 00:00:00,0.033678776978417264,278,0.72,0.28
2019-09-07 00:00:00,0.07778260869565216,46,0.78,0.22
2019-09-08 00:00:00,0.07694565217391304,46,0.74,0.26
2019-09-09 00:00:00,0.014607359307359307,462,0.71,0.29
2019-09-10 00:00:00,-0.05634749403341289,838,0.68,0.32
2019-09-11 00:00:00,-0.04326330532212885,357,0.69,0.31
2019-09-12 00:00:00,-0.023669154228855724,201,0.69,0.31
2019-09-13 00:00:00,0.0055440217391304345,368,0.7,0.3
2019-09-14 00:00:00,0.1686,60,0.92,0.08
2019-09-15 00:00:00,0.09776896551724139,58,0.88,0.12
2019-09-16 00:00:00,0.05683333333333333,267,0.78,0.22
2019-09-17 00:00:00,0.05465803921568627,255,0.75,0.25
2019-09-18 00:00:00,-0.00435565749235474,327,0.7,0.3
2019-09-19 00:00:00,-0.008112845849802371,506,0.69,0.31
2019-09-20 00:00:00,-0.0370171588188348,1253,0.67,0.33
2019-09-21 00:00:00,-0.03851904761904762,84,0.77,0.23
2019-09-22 00:00:00,0.059725,128,0.78,0.22
2019-09-23 00:00:00,-0.0827937165775401,748,0.63,0.37
2019-09-24 00:00:00,-0.11636325757575758,792,0.62,0.38
2019-09-25 00:00:00,0.0307118800461361,867,0.7,0.3
2019-09-26 00:00:00,0.027281565656565657,396,0.71,0.29
2019-09-27 00:00:00,0.0051698961937716266,289,0.71,0.29
2019-09-28 00:00:00,0.011845454545454544,55,0.76,0.24
2019-09-29 00:00:00,-0.03774202898550725,69,0.67,0.33
2019-09-30 00:00:00,0.03714963235294117,272,0.75,0.25
2019-10-01 00:00:00,0.08144330708661417,254,0.74,0.26
2019-10-02 00:00:00,0.017896782178217822,404,0.75,0.25
2019-10-03 00:00:00,0.025662077294685993,414,0.73,0.27
2019-10-04 00:00:00,0.12670406852248395,467,0.81,0.19
2019-10-05 00:00:00,0.14465490196078432,51,0.9,0.1
2019-10-06 00:00:00,0.12178292682926829,82,0.88,0.12
2019-10-07 00:00:00,0.01451760299625468,267,0.72,0.28
2019-10-08 00:00:00,-0.019956401384083045,289,0.72,0.28
2019-10-09 00:00:00,-8.081534772182255e-05,417,0.68,0.32
2019-10-10 00:00:00,0.11334949494949495,495,0.79,0.21
2019-10-11 00:00:00,0.042931890660592255,439,0.76,0.24
2019-10-12 00:00:00,0.08874024390243902,82,0.84,0.16
2019-10-13 00:00:00,0.027909615384615387,104,0.82,0.18
2019-10-14 00:00:00,0.008120567375886525,282,0.73,0.27
2019-10-15 00:00:00,0.02403903846153846,520,0.75,0.25
2019-10-16 00:00:00,0.02832779696132597,2896,0.76,0.24
2019-10-17 00:00:00,-0.018436935166994104,2036,0.68,0.32
2019-10-18 00:00:00,-0.03932855993563958,1243,0.67,0.33
2019-10-19 00:00:00,-0.07141846153846154,130,0.7,0.3
2019-10-20 00:00:00,0.06666984126984127,126,0.76,0.24
2019-10-21 00:00:00,-0.048019382504288166,583,0.67,0.33
2019-10-22 00:00:00,-0.07532508324084351,901,0.67,0.33
2019-10-23 00:00:00,-0.049425778546712804,578,0.66,0.34
2019-10-24 00:00:00,-0.08122081784386617,269,0.65,0.35
2019-10-25 00:00:00,-0.012565680473372781,169,0.7,0.3
2019-10-26 00:00:00,0.06754716981132075,53,0.89,0.11
2019-10-27 00:00:00,0.13944423076923076,52,0.9,0.1
2019-10-28 00:00:00,0.0945225806451613,155,0.79,0.21
2019-10-29 00:00:00,0.041058940397350994,151,0.78,0.22
2019-10-30 00:00:00,0.009090566037735849,265,0.73,0.27
2019-10-31 00:00:00,0.06234488636363636,176,0.79,0.21
2019-11-01 00:00:00,0.0558,128,0.77,0.23
2019-11-02 00:00:00,0.08548648648648648,37,0.84,0.16
2019-11-03 00:00:00,0.07484615384615384,52,0.87,0.13
2019-11-04 00:00:00,0.10286195652173913,184,0.8,0.2
2019-11-05 00:00:00,0.05701381215469613,181,0.79,0.21
2019-11-06 00:00:00,0.03451778846153846,208,0.75,0.25
2019-11-07 00:00:00,0.05210486111111111,288,0.74,0.26
2019-11-08 00:00:00,-0.1108407258064516,248,0.62,0.38
2019-11-09 00:00:00,0.05947209302325582,43,0.88,0.12
2019-11-10 00:00:00,0.09109574468085108,47,0.85,0.15
2019-11-11 00:00:00,0.009581773399014778,203,0.74,0.26
2019-11-12 00:00:00,-0.029014344262295082,244,0.75,0.25
2019-11-13 00:00:00,-0.051586225895316806,726,0.71,0.29
2019-11-14 00:00:00,0.03619429928741093,421,0.8,0.2
2019-11-15 00:00:00,0.11764271604938271,405,0.84,0.16
2019-11-16 00:00:00,0.18935813953488373,86,0.88,0.12
2019-11-17 00:00:00,0.059564285714285715,98,0.8,0.2
2019-11-18 00:00:00,0.08409416909620991,343,0.76,0.24
2019-11-19 00:00:00,0.03062330827067669,133,0.76,0.24
2019-11-20 00:00:00,0.07102460317460317,252,0.81,0.19
2019-11-21 00:00:00,0.07326037735849057,265,0.76,0.24
2019-11-22 00:00:00,0.001109322033898305,236,0.72,0.28
2019-11-23 00:00:00,0.10492708333333334,48,0.83,0.17
2019-11-24 00:00:00,0.24170980392156863,51,0.9,0.1
2019-11-25 00:00:00,-0.04541412639405205,269,0.67,0.33
2019-11-26 00:00:00,0.02047188940092166,217,0.75,0.25
2019-11-27 00:00:00,0.07677191011235955,178,0.79,0.21
2019-11-28 00:00:00,0.08861636363636363,55,0.87,0.13
2019-11-29 00:00:00,0.09595974025974026,77,0.83,0.17
2019-11-30 00:00:00,0.005544186046511628,43,0.81,0.19
2019-12-01 00:00:00,0.1883659574468085,47,0.87,0.13
2019-12-02 00:00:00,0.034484545454545455,110,0.76,0.24
2019-12-03 00:00:00,-0.024390449438202247,178,0.69,0.31
2019-12-04 00:00:00,0.071625,140,0.79,0.21
2019-12-05 00:00:00,0.09880466321243522,193,0.78,0.22
2019-12-06 00:00:00,0.2606614379084967,153,0.88,0.12
2019-12-07 00:00:00,-0.04925294117647059,34,0.74,0.26
2019-12-08 00:00:00,0.19804385964912283,57,0.89,0.11
2019-12-09 00:00:00,0.1277902953586498,237,0.82,0.18
2019-12-10 00:00:00,-0.0142098,500,0.71,0.29
2019-12-11 00:00:00,0.0030367977528089887,356,0.74,0.26
2019-12-12 00:00:00,0.07023260869565218,230,0.72,0.28
2019-12-13 00:00:00,0.03672713178294574,129,0.74,0.26
2019-12-14 00:00:00,0.08060909090909091,44,0.84,0.16
2019-12-15 00:00:00,0.095462,50,0.86,0.14
2019-12-16 00:00:00,0.06328029197080291,137,0.8,0.2
2019-12-17 00:00:00,0.07473935742971888,498,0.76,0.24
2019-12-18 00:00:00,0.039368008048289736,497,0.75,0.25
2019-12-19 00:00:00,0.09704396728016361,489,0.75,0.25
2019-12-20 00:00:00,0.11028436781609195,435,0.77,0.23
2019-12-21 00:00:00,0.10332926829268294,82,0.84,0.16
2019-12-22 00:00:00,0.10855760869565216,92,0.85,0.15
2019-12-23 00:00:00,0.11437349397590361,249,0.78,0.22
2019-12-24 00:00:00,0.04497570093457944,107,0.75,0.25
2019-12-25 00:00:00,0.13321372549019608,51,0.86,0.14
2019-12-26 00:00:00,0.11484731182795699,186,0.81,0.19
2019-12-27 00:00:00,0.06946052631578947,152,0.8,0.2
2019-12-28 00:00:00,0.1347122448979592,49,0.82,0.18
2019-12-29 00:00:00,0.020366101694915255,59,0.86,0.14
2019-12-30 00:00:00,0.11945357142857144,168,0.82,0.18
2019-12-31 00:00:00,0.09638120300751879,133,0.8,0.2
2020-01-01 00:00:00,0.13336103896103896,77,0.86,0.14
2020-01-02 00:00:00,0.08704973821989528,191,0.76,0.24
2020-01-03 00:00:00,0.06729141104294478,163,0.78,0.22
2020-01-04 00:00:00,0.15688813559322032,59,0.9,0.1
2020-01-05 00:00:00,0.05532405063291139,79,0.8,0.2
2020-01-06 00:00:00,0.0962268817204301,372,0.83,0.17
2020-01-07 00:00:00,0.12499571984435798,257,0.81,0.19
2020-01-08 00:00:00,0.1757705035971223,278,0.83,0.17
2020-01-09 00:00:00,0.14988380281690142,284,0.79,0.21
2020-01-10 00:00:00,0.12882982456140352,228,0.82,0.18
2020-01-11 00:00:00,0.21227246376811595,69,0.87,0.13
2020-01-12 00:00:00,0.2238088607594937,79,0.89,0.11
2020-01-13 00:00:00,0.19029581749049432,263,0.87,0.13
2020-01-14 00:00:00,0.16061048387096774,248,0.78,0.22
2020-01-15 00:00:00,0.14663131868131868,182,0.8,0.2
2020-01-16 00:00:00,0.10878943396226415,265,0.78,0.22
2020-01-17 00:00:00,0.1353783393501805,277,0.83,0.17
2020-01-18 00:00:00,0.13319055118110235,127,0.9,0.1
2020-01-19 00:00:00,0.12538285714285716,105,0.85,0.15
2020-01-20 00:00:00,0.0896762645914397,257,0.83,0.17
2020-01-21 00:00:00,0.06927126000842815,2373,0.78,0.22
2020-01-22 00:00:00,0.04153107307439105,1519,0.74,0.26
2020-01-23 00:00:00,0.11468240282685511,1415,0.78,0.22
2020-01-24 00:00:00,0.12422398316970548,713,0.79,0.21
2020-01-25 00:00:00,-0.061952307692307695,130,0.66,0.34
2020-01-26 00:00:00,-0.08383719512195122,164,0.66,0.34
2020-01-27 00:00:00,0.10077573099415205,342,0.73,0.27
2020-01-28 00:00:00,0.14951706036745407,381,0.81,0.19
2020-01-29 00:00:00,0.08378491484184915,411,0.76,0.24
2020-01-30 00:00:00,0.16246,280,0.81,0.19
2020-01-31 00:00:00,0.12432560975609756,246,0.83,0.17
