Date,Open,High,Low,Close,Volume,Volatility,sentiment,RSI,bollinger_mid_band,bollinger_std,bollinger_upper_band,bollinger_lower_band,bollinger_long,bollinger_short,bollinger_signal
2019-01-02,259.28,269.7499,256.58,267.67,10715228,0.11424994016977635,-0.10024396887159533,,,,,,0.0,0.0,0.0
2019-01-03,270.2,275.79,264.43,271.91,13801524,0.029992713526134626,-0.04049354005167959,,,,,,0.0,0.0,0.0
2019-01-04,281.88,297.8,278.54,297.47,18127036,0.35914143737412585,0.07071053698074975,,,,,,0.0,0.0,0.0
2019-01-07,302.1,316.8,301.65,316.63,17137501,0.3164504455420541,0.03849979550102249,,,,,,0.0,0.0,0.0
2019-01-08,319.98,320.51,308.01,320.39,14085038,0.0073389593766914184,0.015927633069082674,,,,,,0.0,0.0,0.0
2019-01-09,317.71,323.3508,313.5,320.0,12574007,0.03659331752918535,-0.03497209612817088,,,,,,0.0,0.0,0.0
2019-01-10,314.57,325.37,312.5,324.74,12476511,0.16125259441538786,0.024419362745098042,,,,,,0.0,0.0,0.0
2019-01-11,330.84,341.09,328.52,337.9254,18241211,0.16425199151227465,-0.01837836363636364,,,,,,0.0,0.0,0.0
2019-01-14,334.24,335.48,329.13,332.67,9580536,0.01911534160456904,0.06172996632996632,,,,,,0.0,0.0,0.0
2019-01-15,349.6,357.22,347.0,354.32,19496381,0.11694687086987067,0.03913266932270917,,,,,,0.0,0.0,0.0
2019-01-16,354.0,358.85,348.11,350.7639,14108264,0.05802138818550405,0.0010188925081433225,,,,,,0.0,0.0,0.0
2019-01-17,349.5,355.79,346.41,353.82,13413692,0.07364184842814285,-0.0022259867054424593,,,,,,0.0,0.0,0.0
2019-01-18,351.97,353.0,336.73,338.92,24643106,0.40869428128510105,0.012312072575017444,,,,,,0.0,0.0,0.0
2019-01-22,334.89,336.88,321.03,324.5401,16718058,0.21989461057873927,-0.07055166835187057,,,,,,0.0,0.0,0.0
2019-01-23,328.25,331.75,318.6,321.59,12481519,0.10564143098145114,-0.08899731343283583,69.71005168770972,,,,,0.0,0.0,0.0
2019-01-24,320.6,331.8,319.0,326.8881,10475217,0.0837095624955847,-0.015056215213358069,70.92294641127681,,,,,0.0,0.0,0.0
2019-01-25,328.72,340.0,328.51,337.94,10469177,0.1226693509686624,0.003254233870967742,73.32270646987746,,,,,0.0,0.0,0.0
2019-01-28,334.7,336.3,328.88,335.53,7732010,0.008155734951469705,0.00793217054263566,71.92863820400076,,,,,0.0,0.0,0.0
2019-01-29,335.87,338.22,328.151,329.2,7075520,0.05997590374608201,-0.06873333333333333,68.2577683294499,,,,,0.0,0.0,0.0
2019-01-30,332.75,341.78,330.8,340.8901,7890146,0.08162202848075158,-0.006020388349514563,71.18272393236803,325.19038,23.30166983525338,348.4920498352534,301.8887101647466,0.0,0.0,0.0
2019-01-31,339.68,345.99,338.0919,339.57,7470759,0.001044359486121046,0.024514010989010987,70.3938819332612,328.78538,19.133997547919495,347.91937754791945,309.6513824520805,0.0,0.0,0.0
2019-02-01,337.0,346.84,336.5,339.21,8504260,0.02388478889202224,-0.03171005586592179,70.16552219487512,332.15038,13.771608347596104,345.9219883475961,318.3787716524039,0.0,0.0,0.0
2019-02-04,342.6,352.0,341.3,351.0,8180214,0.0873245900218225,0.03513789682539682,73.22855989844219,334.82687999999996,11.726697173346297,346.55357717334624,323.1001828266537,0.0,-1.0,-1.0
2019-02-05,353.2,360.0,352.9,355.07,8431842,0.02003810603834728,0.03073550863723609,74.21280506922983,336.74888,11.73740958355846,348.48628958355846,325.0114704164415,0.0,-1.0,-1.0
2019-02-06,357.0,357.04,347.19,352.03,6325863,0.039954782869631784,0.05676141552511416,72.08114908302957,338.3308799999999,11.54718941541047,349.8780694154104,326.78369058458946,0.0,-1.0,-1.0
2019-02-07,348.46,348.75,339.02,344.3599,7318278,0.03813255946760643,0.014871080139372822,66.86277962176734,339.54887499999995,10.770504969585573,350.3193799695855,328.7783700304144,0.0,0.0,0.0
2019-02-08,338.0,348.0,338.0,347.4,7031801,0.08400149769536812,0.06395294117647059,67.85608640488402,340.68187499999993,10.31283149055094,350.99470649055087,330.369043509449,0.0,0.0,0.0
2019-02-11,350.0,352.87,344.81,345.84,4818110,0.025471976513040152,0.0028623255813953487,66.75037335145025,341.07760499999995,10.353263986043709,351.43086898604366,330.72434101395623,0.0,0.0,0.0
2019-02-12,348.09,359.69,346.52,359.62,9469281,0.13875189260952486,0.2359731707317073,71.21272230006528,342.4251049999999,10.938654044090097,353.36375904409,331.48645095590985,0.0,-1.0,-1.0
2019-02-13,357.3,359.6,350.28,351.67,9639751,0.06897104638340308,0.009749160671462831,65.73178567661404,342.292605,10.802186243459884,353.09479124345984,331.4904187565401,0.0,0.0,0.0
2019-02-14,351.75,360.45,348.33,359.66,8616853,0.08661991867600148,0.060736684303350975,68.36692138905075,342.73740999999995,11.339181873110288,354.07659187311026,331.39822812688965,0.0,-1.0,-1.0
2019-02-15,358.47,364.4,355.5,356.5161,8575970,0.021295026754789392,-0.01935238095238095,66.20948331479019,342.872215,11.49285570926447,354.36507070926444,331.3793592907355,0.0,-1.0,-1.0
2019-02-19,355.8,365.0,355.32,362.1,6739016,0.05395474458405105,0.056446699266503676,68.13296294804906,344.031215,12.219163136400656,356.2503781364006,331.8120518635993,0.0,-1.0,-1.0
2019-02-20,364.85,366.71,356.7,359.99,7661049,0.04731699038683012,-0.03724837545126354,66.59043126254942,345.80370999999997,11.807213432023966,357.6109234320239,333.996496567976,0.0,-1.0,-1.0
2019-02-21,360.03,362.85,353.88,356.91,5954159,0.023608458223697133,-0.007397938144329897,64.30191669671994,347.56970999999993,10.571725689826888,358.14143568982684,336.997984310173,0.0,0.0,0.0
2019-02-22,360.34,366.13,360.05,363.01,6615591,0.02244773429286144,0.05836163682864452,66.7398920444066,349.37580499999996,9.917820954618323,359.2936259546183,339.45798404538164,0.0,-1.0,-1.0
2019-02-25,367.01,371.49,363.79,363.92,7085610,0.027824561451119303,0.08091749999999999,67.10085716157654,350.674805,10.041776497972581,360.7165814979726,340.6330285020274,0.0,-1.0,-1.0
2019-02-26,363.0,365.7,359.33,364.96,4556516,0.011349626637294576,0.0012578947368421054,67.53450800882601,352.146305,9.860350325177805,362.0066553251778,342.28595467482216,0.0,-1.0,-1.0
2019-02-27,363.5,367.75,359.8,362.8,5032455,0.004476829392628203,-0.0318725925925926,65.60045850360136,353.826305,8.515694384548041,362.34199938454805,345.31061061545194,0.0,-1.0,-1.0
2019-02-28,362.47,366.39,357.709,357.9,5355626,0.031104200687551625,0.036791690544412614,61.31095580977546,354.6768,7.98883010478721,362.6656301047872,346.6879698952128,0.0,0.0,0.0
2019-03-01,362.26,362.87,354.6915,357.16,5147012,0.03335937926622082,-0.05951342756183746,60.665800426820795,355.5563,7.163824299984539,362.72012429998455,348.3924757000155,0.0,0.0,0.0
2019-03-04,359.72,362.25,348.0436,351.2,6442582,0.06975770012176485,-0.009896005944640535,55.59195310866056,356.1558,6.154480671664414,362.31028067166443,350.00131932833557,0.0,0.0,0.0
2019-03-05,351.25,356.17,348.25,354.18,5570180,0.020740988657042728,0.006246408839779006,57.505676097156794,356.3148,6.054536821868748,362.3693368218687,350.26026317813125,0.0,0.0,0.0
2019-03-06,353.6,359.88,351.7,359.5,5851831,0.04387694595148888,-0.017791094147582696,60.75699596274022,356.53630000000004,6.087543940919658,362.6238439409197,350.4487560590804,0.0,0.0,0.0
2019-03-07,360.16,362.86,350.5,352.62,5733334,0.05493779096851525,-0.038160681818181816,54.906240204552795,356.5658,6.065948506644216,362.6317485066442,350.49985149335583,0.0,0.0,0.0
2019-03-08,345.75,349.92,342.47,349.58,6355135,0.03093258097997948,-0.056311263736263724,52.50049884457521,356.82680500000004,5.608141774286381,362.4349467742864,351.21866322571367,1.0,0.0,1.0
2019-03-11,352.0,358.98,350.04,358.86,4648908,0.0405291664177112,0.05773861111111112,58.48094717340375,357.399805,5.161989000831595,362.5617940008316,352.23781599916845,0.0,0.0,0.0
2019-03-12,358.78,360.13,353.8,356.28,4415584,0.014028807749483202,0.0047671698113207536,56.35650384619358,357.921805,4.403656794130959,362.32546179413094,353.51814820586907,0.0,0.0,0.0
2019-03-13,355.81,362.48,352.765,361.18,6065574,0.04139413342830639,0.058588698630136986,59.37496478441015,357.99980500000004,4.448902634946352,362.4487076349464,353.5509023650537,0.0,0.0,0.0
2019-03-14,360.5,363.84,358.1008,358.68,4799192,0.011100233563303127,-0.07526243093922652,57.20126157814468,358.35030500000005,4.192732982255818,362.54303798225584,354.15757201774426,0.0,0.0,0.0
2019-03-15,361.02,364.0,358.89,361.78,7694969,0.007432126120741092,0.10363969465648856,59.19608773648346,358.45630500000004,4.253939190849244,362.71024419084927,354.2023658091508,0.0,0.0,0.0
2019-03-18,362.47,370.9705,361.86,363.44,6544056,0.008066986783181908,-0.0047824925816023715,60.264128688183135,358.8025,4.367944084613662,363.1704440846137,354.43455591538634,0.0,-1.0,-1.0
2019-03-19,366.4,366.96,356.8,359.06,6678733,0.06229923957517066,0.0948833810888252,56.09217851065021,358.6505,4.2995134057601785,362.9500134057602,354.3509865942398,0.0,0.0,0.0
2019-03-20,358.67,375.9,357.01,375.22,10287618,0.2163741783891902,0.0693765060240964,65.56419423484711,359.41200000000003,5.677225601146337,365.0892256011464,353.7347743988537,0.0,-1.0,-1.0
2019-03-21,373.82,379.0,370.61,377.92,7759687,0.04043157545534861,0.08703571428571429,66.85090030370844,360.46250000000003,6.983446498684974,367.44594649868503,353.47905350131504,0.0,-1.0,-1.0
2019-03-22,375.53,376.43,360.04,361.02,8083699,0.14906310056737726,-0.02764532577903683,53.40082563364913,360.363,6.9593746694275,367.3223746694275,353.4036253305725,0.0,0.0,0.0
2019-03-25,359.0,367.0399,357.44,366.26,7956675,0.07341094993684774,0.018141189427312767,56.33433056985665,360.48,7.041507015733704,367.52150701573373,353.4384929842663,0.0,0.0,0.0
2019-03-26,367.87,368.38,358.02,360.1,6400989,0.06320634883723776,-0.03014874651810585,52.17604894858113,360.237,6.962178349368572,367.1991783493686,353.27482165063145,0.0,0.0,0.0
2019-03-27,361.0,362.47,350.37,353.28,7186983,0.07051094284795034,-0.02482960288808664,47.955512605480315,359.761,7.101763976572508,366.8627639765725,352.6592360234275,0.0,0.0,0.0
2019-03-28,354.485,355.94,349.2,354.61,4170523,0.000662511067412577,0.08313968871595331,48.824887729401986,359.5965,7.184758191000832,366.7812581910008,352.4117418089992,0.0,0.0,0.0
2019-03-29,357.16,358.25,353.71,356.56,4021938,0.0030667560159114505,0.10809516129032258,50.13996923379342,359.5665,7.196709975654144,366.76320997565415,352.3697900243459,0.0,0.0,0.0
2019-04-01,359.0,367.8,358.51,366.96,4050642,0.04097599736973923,0.06363558052434456,56.55266220965235,360.35450000000003,7.094500075113459,367.4490000751135,353.2599999248866,0.0,0.0,0.0
2019-04-02,366.25,368.42,362.22,367.72,4582529,0.008560815961895509,0.09950162601626016,56.98801598739333,361.03150000000005,7.120268530565654,368.15176853056573,353.91123146943437,0.0,0.0,0.0
2019-04-03,369.26,373.4105,366.19,369.58,5030212,0.0020456384177391174,0.09747991631799163,58.094721103476346,361.53550000000007,7.358909011674236,368.8944090116743,354.1765909883258,0.0,-1.0,-1.0
2019-04-04,370.07,372.05,362.4,367.84,4417823,0.012520041803782944,0.015379607843137256,56.626856879024636,362.29650000000004,7.173032299412555,369.4695322994126,355.12346770058747,0.0,0.0,0.0
2019-04-05,369.0,369.8,364.66,365.61,3589148,0.015462640870801066,0.015618045112781953,54.71865242126588,363.09800000000007,6.545457725942445,369.64345772594254,356.5525422740576,0.0,0.0,0.0
2019-04-08,365.11,365.94,359.93,361.34,4175971,0.020007435628953702,0.07158798283261802,51.163406878233005,363.2220000000001,6.484149581052864,369.70614958105295,356.73785041894723,0.0,0.0,0.0
2019-04-09,360.54,366.74,359.0,364.73,5040285,0.02683871515353442,0.12478854166666667,53.73354766342741,363.6445000000001,6.280095100687438,369.92459510068755,357.36440489931266,0.0,0.0,0.0
2019-04-10,365.79,368.8481,362.25,363.95,4303760,0.010063718304753985,0.12492922535211268,53.041860225309904,363.7830000000001,6.253370543785873,370.03637054378595,357.5296294562142,0.0,0.0,0.0
2019-04-11,365.0,370.12,360.81,367.65,6111437,0.0205817271805592,0.1056271070615034,55.939257139080674,364.23150000000004,6.18945731402189,370.4209573140219,358.0420426859782,0.0,0.0,0.0
2019-04-12,360.69,361.75,349.36,351.14,14323643,0.17383990012905712,0.04319572016460905,43.14630555428889,363.69950000000006,6.834876871026968,370.534376871027,356.8646231289731,1.0,0.0,1.0
2019-04-15,350.71,352.21,342.27,348.8851,8309396,0.0192708615739198,0.05938233369683753,41.7422170919389,362.97175500000014,7.596405474091699,370.5681604740918,355.37534952590846,1.0,0.0,1.0
2019-04-16,355.0,364.4787,352.72,359.61,14364530,0.08415597386833233,0.050312004287245436,50.06562407742901,362.99925500000006,7.582481856258841,370.5817368562589,355.41677314374124,0.0,0.0,0.0
2019-04-17,365.05,368.764,350.6,354.84,16085405,0.2087134063881432,0.015535726210350584,46.858986484425344,361.98025500000006,7.214189981555009,369.1944449815551,354.76606501844503,0.0,0.0,0.0
2019-04-18,354.95,360.41,351.64,360.35,8049911,0.05524302385596417,0.01891395833333333,50.780597267931796,361.1017550000001,6.164385060932088,367.2661400609322,354.937369939068,0.0,0.0,0.0
2019-04-22,359.7,377.69,359.0,377.36,11282629,0.2532174383659766,0.1171521681997372,60.47720277556997,361.91875500000003,7.156032740243881,369.0747877402439,354.7627222597562,0.0,-1.0,-1.0
2019-04-23,375.45,384.8,374.7069,381.88,9304333,0.07603067081405572,0.053701522842639585,62.58646666450215,362.69975500000004,8.399163369393273,371.0989183693933,354.3005916306068,0.0,-1.0,-1.0
2019-04-24,381.07,381.9,373.2698,374.19,6111210,0.05343283901945727,-0.06364846153846154,57.011780348587344,363.40425500000003,8.753085350499315,372.15734035049934,354.65116964950073,0.0,-1.0,-1.0
2019-04-25,374.49,374.76,365.7,368.34,5871934,0.04589325753535426,-0.060687339055794,53.13447000640489,364.157255,8.479803930545424,372.63705893054544,355.6774510694546,0.0,0.0,0.0
2019-04-26,368.35,375.14,366.24,375.02,4810395,0.040775488939418125,-0.0012958115183246074,56.751424521550156,365.17775500000005,8.498467865659721,373.6762228656598,356.6792871343403,0.0,-1.0,-1.0
2019-04-29,373.68,374.5753,369.115,371.71,3560763,0.008914600773070405,0.0241263358778626,54.506637610028676,365.935255,8.36403190267192,374.2992869026719,357.5712230973281,0.0,0.0,0.0
2019-04-30,369.99,374.5,368.348,370.51,3467914,0.002291734309647339,-0.04966579925650557,53.677684315827854,366.112755,8.424374498752375,374.5371294987524,357.6883805012476,0.0,0.0,0.0
2019-05-01,374.0,385.99,373.1746,378.81,8709382,0.05323840305536336,0.041350000000000005,58.3912237248746,366.667255,8.887954643961892,375.5552096439619,357.7793003560381,0.0,-1.0,-1.0
2019-05-02,378.0,383.5,374.51,379.05,5034699,0.0067182384540655895,-0.020461494252873563,58.52265106045447,367.140755,9.294263263487764,376.4350182634878,357.84649173651223,0.0,-1.0,-1.0
2019-05-03,381.53,385.03,378.2717,385.03,4706870,0.020935958655646455,0.023268094218415417,61.76346374324396,368.00025500000004,10.120444656107429,378.1206996561075,357.8798103438926,0.0,-1.0,-1.0
2019-05-06,377.69,381.35,376.0,378.73,5316892,0.00702722375300548,-0.004513620071684588,56.73412008881995,368.656255,10.379260671138297,379.0355156711383,358.2769943288617,0.0,0.0,0.0
2019-05-07,377.0,379.91,365.81,370.66,6426859,0.05178221622699829,0.01338103448275862,51.004737146365635,369.122255,10.241803594015327,379.3640585940153,358.8804514059847,0.0,0.0,0.0
2019-05-08,367.92,369.0,361.36,364.39,6110079,0.02741032184162259,0.06598535211267606,47.030769718070424,369.10525500000006,10.249756941172905,379.35501194117296,358.85549805882715,0.0,0.0,0.0
2019-05-09,360.9,364.2,352.75,362.67,5583331,0.012559121026373386,0.014780620155038759,45.9725925786252,369.04125500000004,10.287567260148023,379.32882226014806,358.753687739852,0.0,0.0,0.0
2019-05-10,361.62,365.2578,353.06,360.9325,5384688,0.004704634087883059,0.030812946428571436,44.87420872096671,368.70538000000005,10.443851979871434,379.1492319798715,358.2615280201286,0.0,0.0,0.0
2019-05-13,352.29,354.26,343.1,345.14,7504074,0.06818608474981844,-0.02633384615384616,36.36880500322821,368.40538000000004,11.043910919053586,379.4492909190536,357.36146908094645,1.0,0.0,1.0
2019-05-14,348.71,349.95,342.5,345.5542,4955965,0.01987606033986689,0.08718851674641148,36.70764391958752,368.238835,11.37395860066997,379.61279360067,356.86487639933,1.0,0.0,1.0
2019-05-15,343.34,356.5,341.39,354.99,5865241,0.08683691600322464,0.08934191419141914,44.02077566249933,368.007835,11.603038091595566,379.6108730915956,356.4047969084044,1.0,0.0,1.0
2019-05-16,356.37,364.0,353.935,359.24,6063486,0.02211550597492067,0.18072683982683985,46.99169550245279,368.227835,11.37979376870141,379.60762876870143,356.8480412312986,0.0,0.0,0.0
2019-05-17,356.39,359.62,353.785,354.43,4601589,0.011461897003825229,0.04774895104895105,44.13670421316679,367.931835,11.668811477261078,379.6006464772611,356.2630235227389,1.0,0.0,1.0
2019-05-20,351.23,352.418,345.4,348.05,4300557,0.01737978630527224,-0.06219140625,40.61218177640225,366.466335,12.248534449917196,378.7148694499172,354.2178005500828,1.0,0.0,1.0
2019-05-21,350.95,356.425,349.93,354.3,3641465,0.015502921613850562,0.10805277777777778,45.226572047584064,365.08733500000005,11.971261961014402,377.0585969610145,353.11607303898563,0.0,0.0,0.0
2019-05-22,358.01,370.46,357.3,359.74,5864352,0.012893141159593462,0.04145805084745763,48.94499543227374,364.364835,11.828169993139234,376.19300499313925,352.5366650068608,0.0,0.0,0.0
2019-05-23,355.5,357.42,347.7,352.23,5169430,0.021482410719598808,0.08270597826086956,44.4579161896806,363.55933500000003,12.088886111773986,375.64822111177403,351.47044888822603,0.0,0.0,0.0
2019-05-24,355.51,359.44,353.791,354.39,3612717,0.005142147966461034,0.09384555555555554,45.991529341232045,362.52783500000004,11.938729982146366,374.4665649821464,350.5891050178537,0.0,0.0,0.0
2019-05-28,354.39,361.2,353.64,354.61,3703586,0.0010354704714112984,0.025638211382113824,46.154607505777285,361.672835,11.858578185710172,373.5314131857102,349.8142568142898,0.0,0.0,0.0
2019-05-29,353.6,353.8476,345.9,349.21,5164094,0.028810531033383883,0.059801197604790426,42.74303174027401,360.607835,11.979003398810232,372.58683839881024,348.6288316011898,0.0,0.0,0.0
2019-05-30,350.55,354.21,348.3,351.83,3721735,0.006054078115709074,0.06681217391304348,44.87216625680064,359.258835,11.322472955529987,370.58130795552995,347.93636204447,0.0,0.0,0.0
2019-05-31,347.22,349.34,342.92,343.25,4504506,0.02272638086025896,-0.02074179104477612,39.669752145620926,357.468835,10.84891473773317,368.3177497377332,346.6199202622668,1.0,0.0,1.0
2019-06-03,343.56,347.66,332.65,336.63,7355610,0.0647805354210289,-0.030933774834437086,36.183975553624784,355.048835,9.716484356482217,364.7653193564822,345.33235064351777,1.0,0.0,1.0
2019-06-04,345.0,353.61,343.25,353.4,7322078,0.07816390371423118,0.056290773809523804,48.523738508145655,353.782335,7.959211587659467,361.74154658765946,345.8231234123405,0.0,0.0,0.0
2019-06-05,354.38,357.88,348.71,355.8,4660793,0.008410866958403297,0.027993212669683257,50.01341978722719,353.039335,6.92746763575995,359.96680263575996,346.11186736424,0.0,0.0,0.0
2019-06-06,354.84,358.21,352.09,357.28,3405233,0.010559157402693543,0.04930878378378378,50.95597675505188,352.68383499999993,6.48246374437477,359.1662987443747,346.20137125562513,0.0,0.0,0.0
2019-06-07,357.39,365.15,355.69,360.8,4235419,0.01835453403338948,-0.026135714285714283,53.215524779260036,352.590335,6.3428292941737086,358.9331642941737,346.24750570582626,0.0,-1.0,-1.0
2019-06-10,363.65,367.1,349.285,352.01,7366867,0.10897538539852478,-0.005593600000000001,47.34904466949341,352.14421,6.03133356624099,358.175543566241,346.11287643375897,0.0,0.0,0.0
2019-06-11,355.0,357.58,348.5,351.27,5032305,0.023854394154338588,0.0626806324110672,46.8804914385182,352.45070999999996,5.808293288402987,358.25900328840294,346.642416711597,0.0,0.0,0.0
2019-06-12,351.82,353.61,343.23,345.54,4294097,0.034270788623164766,0.03917725631768953,43.306842992112884,352.44999999999993,5.809181480525987,358.2591814805259,346.64081851947395,1.0,0.0,1.0
2019-06-13,347.23,348.5,339.25,343.57,11773444,0.054761736583575436,0.06654230769230769,42.118108623271596,351.87899999999996,6.100332950361431,357.97933295036137,345.77866704963856,1.0,0.0,1.0
2019-06-14,341.63,343.4,336.155,339.73,9348337,0.022572546946969647,0.03950691244239631,39.82345613442254,350.9035,6.4131815529877025,357.3166815529877,344.4903184470123,1.0,0.0,1.0
2019-06-17,342.69,351.77,342.06,350.61,4985978,0.050184331521883487,0.11610997229916895,48.40114826828239,350.7125,6.359284033683003,357.071784033683,344.35321596631695,0.0,0.0,0.0
2019-06-18,355.56,361.5,353.75,356.99,4972707,0.00903694235792492,0.04169084249084249,52.66229850913054,351.1594999999999,6.475424371381104,357.63492437138103,344.6840756286188,0.0,0.0,0.0
2019-06-19,361.72,364.74,356.12,363.49,5218969,0.01173952669184198,0.08058366533864543,56.59510751731024,351.6189999999999,7.013697050471451,358.6326970504714,344.60530294952844,0.0,-1.0,-1.0
2019-06-20,365.91,370.12,361.215,365.07,5257914,0.005612874973931236,-0.012542016806722688,57.51899458866231,351.8854999999999,7.427563512811209,359.31306351281114,344.4579364871887,0.0,-1.0,-1.0
2019-06-21,365.0,371.45,365.0,368.88,6256562,0.03085034905701275,0.04110357142857144,59.744156940411685,352.71799999999996,8.344675327164696,361.06267532716464,344.3733246728353,0.0,-1.0,-1.0
2019-06-24,370.27,375.0,370.2,371.04,4224559,0.004133945140553188,0.04928054298642534,60.99164949328365,353.55049999999994,9.296511782157372,362.8470117821573,344.25398821784256,0.0,-1.0,-1.0
2019-06-25,370.75,370.9994,358.29,360.41,4985746,0.06551538421544635,-0.0722971119133574,52.387619823378955,353.8404999999999,9.42093328430733,363.26143328430726,344.41956671569255,0.0,0.0,0.0
2019-06-26,361.65,366.79,361.6,362.09,3085663,0.0017254158111765128,0.015480769230769232,53.50398919954631,354.4844999999999,9.527366938954044,364.011866938954,344.95713306104585,0.0,0.0,0.0
2019-06-27,363.2,370.85,363.2,370.02,3854010,0.03340333398420453,0.04098148148148148,58.4556264909669,355.39399999999995,10.110977046858801,365.50497704685876,345.28302295314114,0.0,-1.0,-1.0
2019-06-28,371.4086,371.5448,364.87,367.67,3511983,0.016686068060114027,0.0526673076923077,56.53420014242225,356.61499999999995,10.041524050818062,366.656524050818,346.5734759491819,0.0,-1.0,-1.0
2019-07-01,373.21,376.66,372.0,374.6,4547169,0.008032458672784605,0.13369254658385096,60.642610051109784,358.51349999999996,9.645794979651624,368.1592949796516,348.86770502034835,0.0,-1.0,-1.0
2019-07-02,374.89,376.0,370.31,375.69,3351491,0.003407380616516329,0.08147727272727273,61.262810599340035,359.628,10.290076773280079,369.91807677328006,349.3379232267199,0.0,-1.0,-1.0
2019-07-03,376.69,381.99,375.84,381.915,3514684,0.023338083167396724,0.2385615789473685,64.68542074641526,360.93375,11.378153221137504,372.31190322113747,349.5555967788625,0.0,-1.0,-1.0
2019-07-05,378.29,381.4,375.555,380.55,3550068,0.010196185195097927,0.1020905472636816,63.363377612514064,362.09725,12.148549347555736,374.2457993475557,349.94870065244424,0.0,-1.0,-1.0
2019-07-08,378.13,378.25,375.36,376.0413,2744441,0.0072848828057237285,0.1349391959798995,59.06898177336605,362.859315,12.534786512374762,375.39410151237473,350.32452848762523,0.0,-1.0,-1.0
2019-07-09,379.06,384.76,377.5,379.81,6510059,0.006204957225281606,0.07699175475687102,61.42252645579903,364.24931499999997,12.80680877976,377.05612377975996,351.44250622024,0.0,-1.0,-1.0
2019-07-10,382.77,384.3399,362.68,380.99,5343466,0.01208747688815069,0.1034003086419753,62.15626115707836,365.735315,12.945018687765584,378.6803336877656,352.79029631223443,0.0,-1.0,-1.0
2019-07-11,381.1,384.54,378.8,379.42,4017198,0.008576796851194545,0.19471948529411764,60.50728168951472,367.429315,12.36702705053662,379.7963420505366,355.0622879494633,0.0,0.0,0.0
2019-07-12,378.68,379.7375,372.7917,373.24,6258330,0.043266320533035536,0.11127248062015503,54.390450093139926,368.912815,11.065369178813716,379.97818417881376,357.8474458211863,0.0,0.0,0.0
2019-07-15,372.94,373.68,362.3,366.62,7476719,0.06005106874114768,0.07199780487804879,48.70990089937544,370.257315,8.717412129590075,378.97472712959006,361.53990287040995,0.0,0.0,0.0
2019-07-16,370.09,371.34,364.92,365.98,5556296,0.029021496269126906,0.16210547112462007,48.1859450162187,371.025815,7.484506109660466,378.5103211096605,363.54130889033956,0.0,0.0,0.0
2019-07-17,366.25,366.5,361.75,362.65,7889259,0.0360936928903421,-0.006438943418013857,45.44671254395414,371.308815,7.018348870921549,378.32716387092154,364.2904661290784,1.0,0.0,1.0
2019-07-18,323.76,329.85,320.3,325.21,29178463,0.05376789293429709,0.03868900047824008,26.918446118782462,369.394815,12.410916572041632,381.8057315720416,356.98389842795837,1.0,0.0,1.0
2019-07-19,323.4,325.85,314.23,315.1,15706969,0.16567732847597572,-0.03337874762808349,24.06530247452441,366.8963150000001,17.367481741984903,384.26379674198495,349.5288332580152,1.0,0.0,1.0
2019-07-22,312.0,314.24,305.81,310.62,16653632,0.029206576551497974,-0.013848216340621404,22.906666305213424,363.98331500000006,21.42838287842778,385.41169787842784,342.5549321215723,1.0,0.0,1.0
2019-07-23,311.44,313.5,306.0,307.31,8633742,0.045314972658159536,-0.02499875,22.061531330737157,360.79681500000004,24.797419695781045,385.5942346957811,335.999395304219,1.0,0.0,1.0
2019-07-24,310.51,319.99,307.25,317.82,11158651,0.10366249936054203,0.08049151291512914,30.792755686132974,358.66731500000003,26.595894068253532,385.26320906825356,332.0714209317465,1.0,0.0,1.0
2019-07-25,318.86,327.69,316.3,326.61,10227817,0.10073427275048502,0.1103761329305136,37.13579694116796,356.89331500000003,27.522722858055726,384.41603785805574,329.3705921419443,1.0,0.0,1.0
2019-07-26,328.79,336.0,327.5,335.87,10159258,0.09140876710347208,0.088446875,43.056792071044924,355.185815,27.724076546156294,382.9098915461563,327.4617384538437,0.0,0.0,0.0
2019-07-29,335.98,336.4,328.77,332.7,5167084,0.021538327165013253,-0.012411881188118812,41.6118794642297,353.437315,27.99668771997441,381.43400271997444,325.4406272800256,0.0,0.0,0.0
2019-07-30,329.2,329.65,323.23,325.99,5610886,0.022889119229024733,0.02278689024390244,38.6548740836299,351.00681499999996,28.17223829626156,379.17905329626154,322.8345767037384,0.0,0.0,0.0
2019-07-31,325.16,331.77,318.53,322.99,5820788,0.016052183656016846,-0.08428440677966102,37.376047732573475,348.37181499999997,28.206608970618007,376.57842397061796,320.165206029382,0.0,0.0,0.0
2019-08-01,324.25,328.58,318.735,319.57,6167818,0.036683435960738496,-0.02074728434504792,35.91723435635229,345.25456499999996,27.745741578337327,373.0003065783373,317.5088234216626,0.0,0.0,0.0
2019-08-02,317.49,319.41,311.8,319.06,4925060,0.009826611404935879,0.035422222222222216,35.69350431511194,342.18006499999996,27.02633592550411,369.20640092550406,315.15372907449586,0.0,0.0,0.0
2019-08-05,310.96,313.4179,304.677,307.61,7863381,0.033477015229540816,-0.0018308724832214766,31.021490961954857,338.75849999999997,26.84497194418766,365.6034719441876,311.9135280558123,1.0,0.0,1.0
2019-08-06,310.58,311.88,305.3,310.11,5433740,0.0032455575611937955,0.07377119113573408,33.08109124512039,335.2734999999999,25.736523560885498,361.0100235608854,309.5369764391144,0.0,0.0,0.0
2019-08-07,302.56,305.0,296.8126,304.23,8599509,0.018250834652593115,0.03723310023310023,30.755098962046922,331.43549999999993,24.240136241366645,355.6756362413666,307.1953637586333,1.0,0.0,1.0
2019-08-08,311.03,316.3648,306.63,315.83,5213760,0.03180422939491938,0.07583783783783782,39.754586473340545,328.256,21.646605276579013,349.902605276579,306.60939472342096,0.0,0.0,0.0
2019-08-09,313.74,316.64,305.68,309.0,4837265,0.029138743849489526,0.16175777777777778,36.72786111716195,325.044,19.254294503879525,344.2982945038795,305.78970549612046,0.0,0.0,0.0
2019-08-12,305.46,312.89,303.24,310.82,5667308,0.0386041691178898,0.11014239130434783,38.08070336331886,322.25399999999996,16.7989750313906,339.0529750313906,305.45502496860934,0.0,0.0,0.0
2019-08-13,309.77,316.43,308.16,312.33,4560893,0.01483824210987151,0.045105128205128214,39.24143649526848,319.5714999999999,13.385994752962482,332.95749475296236,306.18550524703744,0.0,0.0,0.0
2019-08-14,308.01,308.41,298.005,299.11,6652428,0.07524242663852222,0.028289215686274512,33.34746093819049,316.39449999999994,9.639724540180145,326.0342245401801,306.75477545981977,1.0,0.0,1.0
2019-08-15,299.5,300.63,288.0,295.91,9178448,0.041875143122717486,0.02795822102425876,32.0909974970431,314.9294999999999,10.424007449911725,325.3535074499116,304.5054925500882,1.0,0.0,1.0
2019-08-16,298.86,303.55,296.27,302.75,6466722,0.031968804566879845,0.029695555555555555,37.510793046246,314.3119999999999,10.773319187502775,325.08531918750265,303.53868081249715,1.0,0.0,1.0
2019-08-19,306.25,311.75,304.75,309.41,4461351,0.017916207335021576,0.037352021563342316,42.33648377231367,314.2514999999999,10.798511727379,325.0500117273789,303.4529882726209,0.0,0.0,0.0
2019-08-20,304.57,305.0,297.6811,299.03,6612010,0.04655173484524272,-0.006675125628140703,37.478614662050404,313.83749999999986,11.228795161970849,325.0662951619707,302.60870483802904,1.0,0.0,1.0
2019-08-21,301.61,302.88,296.2,297.81,5230571,0.02525953214073471,0.026622666666666663,36.94207787538942,312.8369999999999,11.735307544241078,324.57230754424097,301.1016924557588,1.0,0.0,1.0
2019-08-22,298.65,300.33,293.15,296.86,4565567,0.010385809574596377,0.06938721804511279,36.503846904727546,311.3494999999999,11.78301028242855,323.1325102824285,299.56648971757136,1.0,0.0,1.0
2019-08-23,295.0,299.01,290.32,291.54,5548652,0.024398110304926925,-0.030197986577181205,34.06668525445757,309.1329999999999,11.075936980681528,320.2089369806815,298.0570630193184,1.0,0.0,1.0
2019-08-26,295.24,296.95,292.5,295.11,4093942,0.0006763595740195867,0.01737292576419214,37.101467145614436,307.2534999999999,10.003793635681056,317.257293635681,297.24970636431885,1.0,0.0,1.0
2019-08-27,294.94,296.77,287.1968,291.0,5496267,0.027520520768835585,-0.003190588235294118,35.09851922447941,305.5039999999999,9.606321054938608,315.11032105493854,295.8976789450613,1.0,0.0,1.0
2019-08-28,289.2,292.82,287.75,291.81,3399172,0.011274732637228807,0.02596206896551724,35.833732317591156,303.94499999999994,9.137840640927084,313.08284064092703,294.80715935907284,1.0,0.0,1.0
2019-08-29,295.0,299.93,294.99,296.78,4016448,0.0090856238951383,0.033522155688622754,40.30233770788456,302.80549999999994,8.48444364395216,311.2899436439521,294.3210563560478,0.0,0.0,0.0
2019-08-30,298.93,298.94,290.85,293.72,3804863,0.025192388859460856,0.04336190476190476,38.52348293819446,301.53849999999994,7.793255029023544,309.3317550290235,293.7452449709764,1.0,0.0,1.0
2019-09-03,290.82,293.9,288.06,289.21,3217476,0.006583150687252089,0.023252941176470587,36.001345299170815,300.6184999999999,8.118083955299793,308.7365839552997,292.50041604470016,1.0,0.0,1.0
2019-09-04,291.25,292.38,286.51,291.52,4293993,0.0014733899401889392,0.05357469387755102,38.23197298889922,299.68899999999996,8.037992614029399,307.72699261402937,291.65100738597056,1.0,0.0,1.0
2019-09-05,285.32,293.97,282.785,293.25,8279115,0.08343527592091476,0.03129685185185185,39.920853049399305,299.14,8.086340659605643,307.2263406596056,291.05365934039435,0.0,0.0,0.0
2019-09-06,293.09,293.35,287.03,290.11,4555028,0.01725042975737082,0.033678776978417264,37.89554333644572,297.8539999999999,7.299236009050785,305.1532360090507,290.55476399094914,1.0,0.0,1.0
2019-09-09,297.78,301.55,290.6,294.34,6588696,0.02880384839631938,0.01460735930735931,42.1531610774301,297.121,6.842849437265674,303.96384943726565,290.2781505627343,0.0,0.0,0.0
2019-09-10,291.16,297.17,282.6629,288.24,11297560,0.041923748981108434,-0.05634749403341289,38.09705371872447,295.99199999999996,6.305319057834231,302.2973190578342,289.6866809421657,1.0,0.0,1.0
2019-09-11,285.7,292.65,284.61,288.24,6480157,0.020917599748368515,-0.04326330532212885,38.09705371872446,294.78749999999997,5.229122775383595,300.01662277538355,289.5583772246164,1.0,0.0,1.0
2019-09-12,288.1,292.73,287.57,288.86,4546044,0.004390761334897947,-0.023669154228855724,38.79131597770989,294.275,5.285177385862804,299.5601773858628,288.98982261413715,1.0,0.0,1.0
2019-09-13,290.61,296.62,290.04,294.07,6104903,0.026844014869715976,0.0055440217391304345,44.43124479486209,294.18299999999994,5.271214880445028,299.45421488044497,288.9117851195549,0.0,0.0,0.0
2019-09-16,294.23,297.43,289.78,294.33,4937537,0.0006274844489783133,0.056833333333333326,44.70506546978344,293.76199999999994,4.872110317655401,298.63411031765537,288.8898896823445,0.0,0.0,0.0
2019-09-17,294.5,299.15,291.79,298.55,4470773,0.023010722058939496,0.05465803921568626,49.089993848368,293.21899999999994,3.427288171508532,296.64628817150844,289.79171182849143,0.0,-1.0,-1.0
2019-09-18,295.08,296.05,287.45,291.67,7067200,0.03062628819504468,-0.00435565749235474,43.09044242855185,292.851,3.15480402261199,296.005804022612,289.696195977388,0.0,0.0,0.0
2019-09-19,291.56,293.81,283.4,286.58,7827168,0.04953664645697045,-0.00811284584980237,39.2668957294484,292.2895,3.2243407731021656,295.5138407731021,289.06515922689783,1.0,0.0,1.0
2019-09-20,280.26,282.5,266.0,270.75,22337245,0.2699620570107669,-0.0370171588188348,30.27075062482818,290.984,5.6498955742594905,296.6338955742595,285.33410442574046,1.0,0.0,1.0
2019-09-23,268.17,273.39,261.89,265.87,12587211,0.03679170822330332,-0.0827937165775401,28.13111225740524,289.7005,7.960301154712792,297.6608011547128,281.7401988452872,1.0,0.0,1.0
2019-09-24,262.5,265.0,252.28,254.58,15293889,0.15393441283432946,-0.11636325757575758,23.918842722420678,287.674,11.064438720990982,298.738438720991,276.609561279009,1.0,0.0,1.0
2019-09-25,255.61,266.6,253.7,264.75,10893078,0.1265288069843373,0.0307118800461361,33.568560404030926,286.3615,12.152558004497259,298.51405800449726,274.2089419955027,1.0,0.0,1.0
2019-09-26,266.42,268.05,260.2,263.34,7176045,0.02808849525466673,0.027281565656565657,32.944673952723505,284.938,13.110431603961205,298.0484316039612,271.82756839603877,1.0,0.0,1.0
2019-09-27,266.175,267.44,260.39,263.09,6752140,0.026472149745916784,0.005169896193771626,32.82817416186848,283.2535,13.66157934732285,296.91507934732283,269.5919206526771,1.0,0.0,1.0
2019-09-30,264.0,268.88,262.78,267.63,5254867,0.02424158195865693,0.03714963235294117,37.17313483560021,281.94899999999996,13.85383849525728,295.8028384952572,268.0951615047427,1.0,0.0,1.0
2019-10-01,267.35,272.2,264.04,269.58,7969234,0.02258468544894755,0.08144330708661418,38.998307775877606,280.9675,14.0068614295032,294.9743614295032,266.96063857049677,0.0,0.0,0.0
2019-10-02,263.61,269.35,262.19,268.06,6859813,0.03879402951873219,0.017896782178217822,38.06990989659376,279.79449999999997,14.058862900415283,293.8533629004153,265.73563709958466,0.0,0.0,0.0
2019-10-03,267.78,268.843,257.01,268.28,8531962,0.005421400866743615,0.025662077294686,38.29886236235664,278.54599999999994,13.908988157985812,292.4549881579857,264.63701184201415,0.0,0.0,0.0
2019-10-04,268.2,275.4846,266.47,272.73,17570819,0.10115394177861103,0.12670406852248395,42.897417290164455,277.677,13.689672673032744,291.3666726730328,263.98732732696726,0.0,0.0,0.0
2019-10-07,271.99,276.68,271.29,274.47,11911609,0.03754176735553688,0.01451760299625468,44.63496875447702,276.6835,13.126157202120503,289.8096572021205,263.55734279787947,0.0,0.0,0.0
2019-10-08,273.03,275.53,270.6427,270.73,11067212,0.032348836827271035,-0.019956401384083045,41.69796928782388,275.808,12.896726471638225,288.7047264716382,262.9112735283618,0.0,0.0,0.0
2019-10-09,270.02,271.0,264.57,267.52,12593464,0.04001085368459477,-8.081534772182255e-05,39.30729762772639,274.77200000000005,12.675828468722088,287.44782846872215,262.09617153127795,0.0,0.0,0.0
2019-10-10,265.97,280.53,265.0337,280.5,20327729,0.3753592136279458,0.11334949494949495,51.432860253896955,274.35400000000004,12.319645586154886,286.6736455861549,262.03435441384516,0.0,0.0,0.0
2019-10-11,284.76,287.87,282.3438,282.77,16683073,0.04219118570384476,0.042931890660592255,53.19403510225691,273.78900000000004,11.60631311875443,285.3953131187545,262.1826868812456,0.0,0.0,0.0
2019-10-14,283.93,286.93,282.0,285.47,10360632,0.020276807264123085,0.008120567375886525,55.27165166568285,273.34600000000006,10.930429952541374,284.27642995254143,262.4155700474587,0.0,-1.0,-1.0
2019-10-15,283.2,285.87,279.4,284.27,13772252,0.0187275662631638,0.02403903846153846,54.121808360843886,272.632,9.580429393741523,282.2124293937415,263.0515706062585,0.0,-1.0,-1.0
2019-10-16,283.23,288.17,280.7431,286.6207,22951678,0.0989000275695331,0.02832779696132597,56.050619138538686,272.37953500000003,9.10717309009589,281.48670809009593,263.27236190990413,0.0,-1.0,-1.0
2019-10-17,304.49,308.75,288.3001,293.3091,70376981,1.0,-0.018436935166994104,61.066185720573216,272.71599000000003,9.76028709052218,282.4762770905222,262.95570290947785,0.0,-1.0,-1.0
2019-10-18,289.36,290.9,273.36,275.28,45593076,0.8158196325192794,-0.03932855993563958,45.87005574669485,272.94249,9.76482371980608,282.7073137198061,263.17766628019393,0.0,0.0,0.0
2019-10-21,274.235,279.9399,269.0,278.05,11598665,0.05623350470307355,-0.048019382504288166,48.01066251008678,273.55149000000006,9.679965166582758,283.2314551665828,263.8715248334173,0.0,0.0,0.0
2019-10-22,271.159,275.41,265.8,266.69,11029467,0.0626408272259724,-0.07532508324084351,40.87211756797712,274.15699000000006,8.766451583943399,282.9234415839435,265.39053841605664,0.0,0.0,0.0
2019-10-23,268.06,273.92,266.63,271.26,6789676,0.027611603784495568,-0.0494257785467128,44.45040674198638,274.48249000000004,8.516068030490324,282.99855803049036,265.9664219695097,0.0,0.0,0.0
2019-10-24,271.81,274.02,268.8,271.49,4397833,0.001788468585340116,-0.08122081784386617,44.63201606450193,274.88999,8.141588062142628,283.0315780621426,266.7484019378574,0.0,0.0,0.0
2019-10-25,270.68,277.77,270.18,276.88,4248928,0.033478320705125804,-0.01256568047337278,48.85218604909028,275.57949,7.659310942275758,283.23880094227576,267.9201790577243,0.0,0.0,0.0
2019-10-28,278.05,285.75,277.35,281.93,5916130,0.02917172011827978,0.0945225806451613,52.50483496982717,276.29449000000005,7.544764389257767,283.8392543892578,268.7497256107423,0.0,0.0,0.0
2019-10-29,281.87,284.41,277.545,281.2,4050973,0.003449266538540183,0.041058940397350994,51.92754394972388,276.87549,7.4472685084385315,284.32275850843854,269.4282214915615,0.0,0.0,0.0
2019-10-30,284.34,293.49,283.0,291.45,8937016,0.08075227013698531,0.009090566037735849,58.780580716608895,278.04499,7.8174003933829495,285.86239039338295,270.227589606617,0.0,-1.0,-1.0
2019-10-31,291.0,291.45,284.78,287.44,4539908,0.02053948992071113,0.06234488636363636,55.45019149975651,279.00299,7.731273240611125,286.73426324061114,271.2717167593889,0.0,-1.0,-1.0
2019-11-01,288.7,289.12,283.02,286.975,5242894,0.011493512718605986,0.0558,55.06061260417085,279.71524,7.778971895094717,287.49421189509474,271.93626810490525,0.0,0.0,0.0
2019-11-04,288.0,295.39,287.16,292.99,5110430,0.032407877874010414,0.10286195652173913,59.066835046625464,280.64124,8.211970920388396,288.8532109203884,272.4292690796116,0.0,-1.0,-1.0
2019-11-05,289.99,291.19,286.31,288.03,3685414,0.009179836722587952,0.05701381215469613,54.73378114914448,281.50624,8.02197461433865,289.52821461433865,273.48426538566133,0.0,0.0,0.0
2019-11-06,288.19,290.56,285.84,288.59,2950826,0.001500017054366504,0.03451778846153846,55.1339645944413,282.55974,7.451799355114354,290.01153935511434,275.1079406448856,0.0,0.0,0.0
2019-11-07,290.7,298.19,288.2679,289.58,5518868,0.007855261251674812,0.052104861111111116,55.876616935923366,283.01374,7.594929612468849,290.6086696124688,275.41881038753115,0.0,0.0,0.0
2019-11-08,288.73,293.99,287.505,291.57,3882499,0.014012715241862572,-0.1108407258064516,57.40295215994726,283.4537399999999,7.831294631657634,291.28503463165754,275.6224453683423,0.0,-1.0,-1.0
2019-11-11,289.16,296.36,288.5,294.18,3608028,0.02301792763603601,0.009581773399014778,59.38728822820447,283.8892399999999,8.183579453453568,292.07281945345346,275.70566054654637,0.0,-1.0,-1.0
2019-11-12,295.32,295.345,288.7,291.9,5471614,0.02378122172994589,-0.029014344262295082,56.893951986666316,284.27073999999993,8.37780568352998,292.6485456835299,275.89293431646996,0.0,0.0,0.0
2019-11-13,291.03,293.41,281.14,283.02,8859834,0.09018840471434447,-0.051586225895316806,48.37525076509967,284.09070499999996,8.363324445616422,292.45402944561636,275.72738055438356,0.0,0.0,0.0
2019-11-14,283.31,290.63,283.22,289.66,6162245,0.04972849209571024,0.036194299287410935,53.930009540746845,283.9082499999999,8.189631325648309,292.0978813256482,275.7186186743516,0.0,0.0,0.0
2019-11-15,290.59,295.8186,287.568,295.0,6080455,0.034077464356201584,0.11764271604938273,57.85725403832658,284.89424999999994,8.282726044227456,293.1769760442274,276.6115239557725,0.0,-1.0,-1.0
2019-11-18,295.81,304.99,293.28,302.62,7959540,0.06888547945800418,0.08409416909620991,62.73847870578275,286.1227499999999,9.00479893621273,295.12754893621263,277.11795106378713,0.0,-1.0,-1.0
2019-11-19,304.01,305.6699,298.5201,302.54,5245156,0.009798697445761995,0.030623308270676688,62.65642630610221,287.9152499999999,8.486133809899052,296.40138380989896,279.42911619010084,0.0,-1.0,-1.0
2019-11-20,301.01,308.25,301.0,305.29,4655478,0.02532215435259316,0.07102460317460317,64.38094189431763,289.6167499999999,8.381864551238017,297.99861455123795,281.2348854487619,0.0,-1.0,-1.0
2019-11-21,305.9,312.69,304.2622,311.7,7140056,0.052628648267441534,0.07326037735849057,68.0810152643425,291.6272499999999,8.624036403078046,300.2512864030779,283.00321359692185,0.0,-1.0,-1.0
2019-11-22,309.1,311.4,304.41,310.49,5587669,0.009870475524375243,0.001109322033898305,66.67305536172972,293.3077499999999,8.870253137522054,302.17800313752196,284.4374968624778,0.0,-1.0,-1.0
2019-11-25,308.83,315.73,305.25,315.68,7288534,0.06344879223149365,-0.04541412639405205,69.57910434573239,294.9952499999999,9.757743682652805,304.7529936826527,285.2375063173471,0.0,-1.0,-1.0
2019-11-26,315.76,316.5,311.69,312.02,3695548,0.017564793717387544,0.02047188940092166,65.25758147667017,296.5362499999999,9.897094852187282,306.4333448521872,286.6391551478126,0.0,-1.0,-1.0
2019-11-27,313.5,316.82,312.75,315.93,3724569,0.011502040749777577,0.07677191011235955,67.57457098783618,297.7602499999999,10.714921528191267,308.4751715281912,287.04532847180866,0.0,-1.0,-1.0
2019-11-29,315.78,316.62,313.34,314.71,2186734,0.002973530101316272,0.09595974025974026,66.09345112474297,299.1237499999999,11.061990740584159,310.1857407405841,288.06175925941574,0.0,-1.0,-1.0
2019-12-02,314.39,314.39,303.75,310.02,5582538,0.031003143393628238,0.03448454545454545,60.59498809896907,300.27599999999995,10.929360938606983,311.20536093860693,289.346639061393,0.0,0.0,0.0
2019-12-03,302.22,307.36,301.88,306.13,4468516,0.022204074649052327,-0.024390449438202247,56.40366046212789,300.93299999999994,10.86306688303516,311.7960668830351,290.06993311696476,0.0,0.0,0.0
2019-12-04,308.43,308.43,303.2727,304.28,3311043,0.01746246391360063,0.071625,54.4738708950657,301.74549999999994,10.446933811059745,312.1924338110597,291.2985661889402,0.0,0.0,0.0
2019-12-05,305.27,306.48,298.81,302.87,4356286,0.013286794871059871,0.09880466321243522,52.98589796277538,302.45949999999993,9.977953315607987,312.4374533156079,292.48154668439196,0.0,0.0,0.0
2019-12-06,304.7,307.8495,302.6,307.27,4082452,0.0133335813368331,0.2606614379084967,56.938759298718956,303.34399999999994,9.551092745419757,312.8950927454197,293.7929072545802,0.0,0.0,0.0
2019-12-09,307.35,311.49,302.44,302.4795,5221077,0.032316643689424815,0.1277902953586498,51.82933550069181,303.889475,9.146220112955737,313.03569511295575,294.74325488704426,0.0,0.0,0.0
2019-12-10,296.12,298.94,292.02,293.33,9961504,0.03532008344877307,-0.014209799999999996,43.753649714469134,303.846975,9.195553809022929,313.04252880902294,294.65142119097703,1.0,0.0,1.0
2019-12-11,294.35,299.43,294.2,298.86,5013366,0.028734163412223387,0.003036797752808989,48.93279738128356,304.194975,8.844634458062199,313.0396094580622,295.3503405419378,0.0,0.0,0.0
2019-12-12,295.67,299.165,295.06,298.44,4352852,0.015323087240081487,0.07023260869565218,48.56702217403322,304.96597499999996,7.466327802516818,312.4323028025168,297.4996471974831,0.0,0.0,0.0
2019-12-13,298.5,301.8,297.25,298.5,3562853,0.0,0.03672713178294574,48.62610256744654,305.40797499999996,6.738747534098581,312.14672253409856,298.6692274659014,1.0,0.0,1.0
2019-12-16,300.85,305.71,298.63,304.1,4193124,0.01731863545240385,0.06328029197080291,53.94366441721749,305.862975,6.2913809179412565,312.15435591794125,299.57159408205877,0.0,0.0,0.0
2019-12-17,307.36,316.8,306.6,315.41,9205110,0.09417106176196907,0.07473935742971888,62.40691601515561,306.502475,6.587458569681234,313.08993356968125,299.91501643031876,0.0,-1.0,-1.0
2019-12-18,316.21,325.36,315.6,320.4,9712571,0.051717894221751146,0.039368008048289736,65.42564792312251,307.395475,7.203758561144752,314.59923356114473,300.1917164388552,0.0,-1.0,-1.0
2019-12-19,324.5,332.83,324.18,332.22,8918881,0.08750246222353249,0.0970439672801636,71.30381996685179,308.741975,9.065699909804774,317.8076749098048,299.67627509019525,0.0,-1.0,-1.0
2019-12-20,335.0,338.0,330.6,336.97,8646252,0.021646451831633145,0.11028436781609197,73.27052609149591,310.00547500000005,11.04463246806493,321.050107468065,298.9608425319351,0.0,-1.0,-1.0
2019-12-23,337.76,337.95,331.0201,333.1,4827496,0.02858909733856794,0.1143734939759036,69.11442484398243,311.13597500000003,12.194165853170675,323.3301408531707,298.94180914682937,0.0,-1.0,-1.0
2019-12-24,334.01,335.7,331.6,333.28,1887333,0.0017509107040760096,0.044975700934579435,69.20192857165652,312.015975,13.137887389727455,325.15386238972746,298.8780876102726,0.0,-1.0,-1.0
2019-12-26,334.6,336.4623,332.01,332.62,3268244,0.008223794829740913,0.11484731182795695,68.43630808177069,313.045975,13.922313491654188,326.96828849165416,299.12366150834583,0.0,-1.0,-1.0
2019-12-27,332.96,333.82,326.01,329.09,4620963,0.022726683308673924,0.06946052631578947,64.33645822874693,313.703975,14.369593819549785,328.0735688195498,299.33438118045024,0.0,-1.0,-1.0
2019-12-30,329.08,329.185,322.86,323.31,3879738,0.028449249608885438,0.11945357142857145,58.18945443518989,314.133975,14.529072369124751,328.6630473691248,299.60490263087524,0.0,0.0,0.0
2019-12-31,322.0,324.916,321.09,323.53,3228786,0.006278028693742866,0.0963812030075188,58.352562016647816,314.809475,14.641360708870748,329.4508357088708,300.16811429112926,0.0,0.0,0.0
